Gender,Mood,text,description,screenName,,favorited,favoriteCount,replyToSN,created.x,truncated,replyToSID,id.x,replyToUID,statusSource,retweetCount,isRetweet,retweeted,longitude,latitude,statusesCount,followersCount,favoritesCount,friendsCount,url,name,created.y,protected,verified,location,lang,id.y,listedCount,followRequestSent,profileImageUrl
m,-1,"@econoclasta Profe, no se olvide de los 3 zombies, Dos Bocas, Tren Maya y Santa Luc√≠a; los cuales ya est√°n muertos‚Ä¶ https://t.co/WHn21nUNu9",Actions Speak Louder than Words,A_LaraV,1,FALSE,0,econoclasta,2020-04-30 18:02:03,TRUE,1255915299657920512,1255920363135021056,127080477,"<a href=""http://twitter.com/download/iphone"" rel=""nofollow"">Twitter for iPhone</a>",0,FALSE,FALSE,NA,NA,1382,148,1721,231,NA,Antoine C,2010-08-30 2:34:05,FALSE,FALSE,Barcelona,NA,184635730,0,FALSE,http://pbs.twimg.com/profile_images/1518416012/200711_004_normal.jpg
m,1,@zoriviajero @preferredhotels @OFFPOLINN @ACAVe_agencias @ViajesNG ¬°Gracias por el apoyo y la edici√≥n! Ha quedado n‚Ä¶ https://t.co/LstNVyYGnE,Cr√≥nica de viajes | Periodismo cultural | Editor colaborador de @ViajesNG | Escribo y publico en diferentes medios | tengo un libro de playas en @viajerosanaya,a_todaletra,2,FALSE,1,zoriviajero,2020-04-30 18:01:03,TRUE,1255868642006360081,1255920113603112960,802610696,"<a href=""http://twitter.com/download/android"" rel=""nofollow"">Twitter for Android</a>",0,FALSE,FALSE,NA,NA,7364,867,13744,759,https://t.co/7tBiP5jZ7e,jos√© alejandro,2011-11-16 15:41:15,FALSE,FALSE,"Barcelona, Espa√±a",NA,414059100,38,FALSE,http://pbs.twimg.com/profile_images/1221104390632808448/5JHvY05W_normal.jpg
m,0,¬°Echa un vistazo a mi transmisi√≥n desde mi PlayStation 4! #PS4live (eFootball PES 2020)  live at https://t.co/QXmQovQyJH,,abrahamcruz0726,3,FALSE,0,NA,2020-04-30 18:02:09,FALSE,NA,1255920388397240320,NA,"<a href=""http://www.playstation.com"" rel=""nofollow"">PlayStation(R)4</a>",0,FALSE,FALSE,NA,NA,342,144,338,104,https://t.co/d1Tubtj0iH,Abrahamcruz0726,2018-08-17 19:45:13,FALSE,FALSE,"Barcelona, Espa√±a",NA,1030541075210035201,0,FALSE,http://pbs.twimg.com/profile_images/1106306643082514433/3lsWmZx0_normal.jpg
F,0,"hoy tengo una cita s√≥lo para hacer lo mismo de cada d√≠a pero poni√©ndole una hora concreta y una excusa al vino

el‚Ä¶ https://t.co/AXk0bQvKwJ",ditto üñáüñáüñáüñáüñáüñá https://t.co/pEcO20y9Vf w/@adamantaimai,aerinita,4,FALSE,0,NA,2020-04-30 18:00:33,TRUE,NA,1255919988348719104,NA,"<a href=""https://mobile.twitter.com"" rel=""nofollow"">Twitter Web App</a>",0,FALSE,FALSE,NA,NA,14863,513,9050,840,https://t.co/8NlVAmCIWb,iren,2011-09-05 13:55:31,FALSE,FALSE,bcn,NA,368346194,6,FALSE,http://pbs.twimg.com/profile_images/1246484954168594432/giZMwpdc_normal.jpg
m,1,"#quedateencasa
Si tienes jard√≠n y piscina en casa,
DISFRUTA DE VACACIONES EN CASA.

Ponta a punto y segura con equi‚Ä¶ https://t.co/ZchXOECmg7","CEO - Dise√±o, creaci√≥n y conservaci√≥n de #PISCINAS y entornos exteriores de bienestar y relax. ¬øHablamos?",AivanFerron,5,FALSE,0,NA,2020-04-30 18:03:27,TRUE,NA,1255920715796107269,NA,"<a href=""http://instagram.com"" rel=""nofollow"">Instagram</a>",0,FALSE,FALSE,NA,NA,4251,349,2315,295,https://t.co/3nKz5LGo7v,Aivan Ferron,2011-12-21 8:17:38,FALSE,FALSE,Barcelona,NA,442596266,8,FALSE,http://pbs.twimg.com/profile_images/1075647865417068547/RpPtu3RB_normal.jpg
m,0,"Llevo todo el d√≠a con el remix de Savage en repeat? S√≠
Voy a parar? No",ready ‚Ä¢ https://t.co/iEzEKVhM29,AlexPasalodos,6,FALSE,0,NA,2020-04-30 18:01:55,FALSE,NA,1255920330176172032,NA,"<a href=""http://twitter.com/download/iphone"" rel=""nofollow"">Twitter for iPhone</a>",0,FALSE,FALSE,NA,NA,21919,1525,26797,643,https://t.co/onT6UvqDvn,alex,2012-11-04 19:30:42,FALSE,FALSE,Barcelona,NA,925993789,25,FALSE,http://pbs.twimg.com/profile_images/1214311174436732928/miXm2hgY_normal.jpg
f,-1,@Hastalappk Yo llevo dos d√≠as con que quiero adoptar otro y me la como a esa,"Animalesüêæ

La guitarra suena un poco mal pero no importa porque es verano, el inventor del celo, El Arte no mata, üêÄüêÅ Fa es lejos en ingl√©s",ana_sgd,7,FALSE,1,Hastalappk,2020-04-30 18:02:17,FALSE,1255919357630263297,1255920424350822400,2504144754,"<a href=""http://twitter.com/download/android"" rel=""nofollow"">Twitter for Android</a>",0,FALSE,FALSE,NA,NA,123350,949,132650,1466,https://t.co/gmddGZwS4p,AnnaChop (√∫ltima vez ‚úàÔ∏èüíÄ en misa),2010-07-24 12:51:44,FALSE,FALSE,Barcelona,NA,170294890,6,FALSE,http://pbs.twimg.com/profile_images/1230583148888633345/YHxwHEOu_normal.png
i,1,En @AnfapaNews nos unimos al aplauso solidario para apoyar a nuestro personal sanitario y a todas las personas que‚Ä¶ https://t.co/8TQ1YJgI1Y,ANFAPA es la Asociaci√≥n Nacional de Fabricantes de Morteros y SATE (Sistema de Aislamiento T√©rmico Exterior),AnfapaNews,8,FALSE,0,NA,2020-04-30 18:00:53,TRUE,NA,1255920071240749057,NA,"<a href=""https://www.hootsuite.com"" rel=""nofollow"">Hootsuite Inc.</a>",0,FALSE,FALSE,NA,NA,6525,2729,313,898,https://t.co/XdU52S9dHW,Anfapa-MorterosySATE,2015-02-06 10:32:03,FALSE,FALSE,"Barcelona, Catalu√±a",NA,3021230403,35,FALSE,http://pbs.twimg.com/profile_images/976185021676605440/FnovAWdC_normal.jpg
i,1,"üíô @FundlaCaixa dona mill√≥n de euros m√°s a la campanya ‚ÄúNing√∫n hogar sin alimentos‚Äù, impulsada con el apoyo de‚Ä¶ https://t.co/Gzs2mkqYz7",El Banc dels Aliments de Barcelona t√© com a primer objectiu recuperar excedents alimentaris i redistribuir-los a persones en risc de precarietat aliment√†ria,BancAlimentsBcn,9,FALSE,0,NA,2020-04-30 18:00:01,TRUE,NA,1255919851551391744,NA,"<a href=""https://about.twitter.com/products/tweetdeck"" rel=""nofollow"">TweetDeck</a>",0,FALSE,FALSE,NA,NA,6390,7415,1380,956,NA,Banc dels Aliments,2011-09-14 8:29:56,FALSE,FALSE,Barcelona,NA,373263013,180,FALSE,http://pbs.twimg.com/profile_images/378800000633282230/ccc079aea97329fec87dc5531d0c0ff0_normal.jpeg
i,1,üîî C√≥mo proteger el planeta cuando sales a comer fuera de casa... https://t.co/0CLktqGZC8,"#Curiosidades #Noticias #Actualidad Compartimos contigo informaci√≥n valiosa de Barcelona, Espa√±a y el mundo entero. ¬øNos sigues?",BCN_0N,10,FALSE,0,NA,2020-04-30 18:00:26,FALSE,NA,1255919956019085319,NA,"<a href=""https://mobile.twitter.com"" rel=""nofollow"">Twitter Web App</a>",0,FALSE,FALSE,NA,NA,252376,7254,5,7644,NA,BCN üîõ,2015-04-03 8:21:25,FALSE,FALSE,"Barcelona, Espa√±a",NA,3131588992,40,FALSE,http://pbs.twimg.com/profile_images/985848558162272257/NCHaREUB_normal.jpg
i,1,üì∫ El amor como estrategia de √©xito empresarial: la historia de la salvaci√≥n de Ford de la quiebra a manos de Alan M‚Ä¶ https://t.co/ykTMmbqane,"#Curiosidades #Noticias #Actualidad Compartimos contigo informaci√≥n valiosa de Barcelona, Espa√±a y el mundo entero. ¬øNos sigues?",BCN_0N,11,FALSE,0,NA,2020-04-30 18:02:37,TRUE,NA,1255920506383073282,NA,"<a href=""https://mobile.twitter.com"" rel=""nofollow"">Twitter Web App</a>",0,FALSE,FALSE,NA,NA,252376,7254,5,7644,NA,BCN üîõ,2015-04-03 8:21:25,FALSE,FALSE,"Barcelona, Espa√±a",NA,3131588992,40,FALSE,http://pbs.twimg.com/profile_images/985848558162272257/NCHaREUB_normal.jpg
i,-1,Menos halagar y idolatrar a genios. Dame una persona que se supera a si misma.,weeb weeb weeb en tot el que et puguis imaginar bye,BigHitEUexists,12,FALSE,0,NA,2020-04-30 18:01:36,FALSE,NA,1255920249804816384,NA,"<a href=""https://mobile.twitter.com"" rel=""nofollow"">Twitter Web App</a>",0,FALSE,FALSE,NA,NA,2404,33,12618,239,NA,munchki,2017-06-16 20:43:45,FALSE,FALSE,"Barcelona, Espanya",NA,875816188009381890,0,FALSE,http://pbs.twimg.com/profile_images/1234800347107012616/0-EaLB9F_normal.jpg
m,0,Entrad a ver al beb√©eeeeeeeeeeeeeeeee ‚ô• https://t.co/YkfgouLYuD,20. ‚ô•‚ô£ BIENVENIDO AL DESASTRE ‚ô†‚ô¶       ‚àÜ‚ÑìœâŒ±—É—ï‚èÉüè≥Ô∏è‚Äçüåà       ig: biichiito23  @626__cand,biichiitx23,13,FALSE,0,NA,2020-04-30 18:01:45,FALSE,NA,1255920289789161475,NA,"<a href=""https://about.twitter.com/products/tweetdeck"" rel=""nofollow"">TweetDeck</a>",0,FALSE,FALSE,NA,NA,24328,583,44657,448,https://t.co/JcCZgSQqXd,Diana H.,2018-11-20 17:43:41,FALSE,FALSE,"Barcelona, Espa√±a",NA,1064937335614308352,4,FALSE,http://pbs.twimg.com/profile_images/1222004840227729409/CeBWlhNE_normal.png
i,-1,"""[...] a otrxs se les va la vida delante de una pantalla, dedo arriba, dedo abajo, igual que a otrxs muchxs se les‚Ä¶ https://t.co/pfbeU9Oxku",no,BlankitosDMierd,14,FALSE,0,NA,2020-04-30 18:01:15,TRUE,NA,1255920163926532096,NA,"<a href=""http://twitter.com/download/android"" rel=""nofollow"">Twitter for Android</a>",0,FALSE,FALSE,NA,NA,30734,241,12451,326,https://t.co/ZfECzO6NTM,u,2012-12-15 10:32:44,FALSE,FALSE,Barcelona,NA,1012929818,9,FALSE,http://pbs.twimg.com/profile_images/1248651914931081219/6Fcv4Y3G_normal.jpg
m,-1,"@jgoraba Perdona, rectifico: al final Illa ha remitido a la gu√≠a en cuanto a la duraci√≥n de la salida: https://t.co/fWQiYSjJ5T","Periodista e intento de grafista. Tambi√©n corro, aunque se me da mejor huir, y lo cuento en 'Blogmaldito'.",blogmaldito,15,FALSE,0,jgoraba,2020-04-30 18:03:42,FALSE,1255912381638721538,1255920779650379776,813872769322676225,"<a href=""https://mobile.twitter.com"" rel=""nofollow"">Twitter Web App</a>",0,FALSE,FALSE,NA,NA,51979,6242,67963,832,http://t.co/cMlVhqrnJs,David,2009-01-12 2:52:12,FALSE,FALSE,Barcelona,NA,18888871,168,FALSE,http://pbs.twimg.com/profile_images/1930813098/z_normal.jpg
m,-1,Acabo de salir al balc√≥n y se me ha venido el olor a kebab me cago en la putaüò£üò≠,love yourself ‚ù§Ô∏è,bravo_javiii,16,FALSE,0,NA,2020-04-30 18:02:27,FALSE,NA,1255920467145306112,NA,"<a href=""http://twitter.com/download/iphone"" rel=""nofollow"">Twitter for iPhone</a>",0,FALSE,FALSE,NA,NA,2971,73,4645,121,NA,Javiiiüîï,2018-11-18 22:27:07,FALSE,FALSE,"Barcelona, Catalu√±a",NA,1064283889118658560,0,FALSE,http://pbs.twimg.com/profile_images/1249881041558437891/wyGIczG2_normal.jpg
m,0,@noobbet @paucazorla eso en el caso de que la aerol√≠nea con la que tienes ese precioso bono no se vaya a la quiebra‚Ä¶ https://t.co/zjFTbufrDg,üìç Barcelona üå¥ üéì Advertising | Social Media | Digital MK üá™üá∫ Europe(an) | Sweden üá∏üá™ | üìù ENG/ESP/CAT/SVE,CarlosRivasFdez,17,FALSE,0,noobbet,2020-04-30 18:04:23,TRUE,1255883050208149504,1255920954087297024,2798650742,"<a href=""https://mobile.twitter.com"" rel=""nofollow"">Twitter Web App</a>",0,FALSE,FALSE,NA,NA,84152,983,27156,993,https://t.co/3lYW4PHvNZ,Carlos Rivas | #StayHome,2009-07-08 1:05:00,FALSE,FALSE,Made in Barcelona,NA,54746519,64,FALSE,http://pbs.twimg.com/profile_images/1239883950186795010/vsM3tTCd_normal.jpg
i,-1,"Que democracia m√°s consolidada y que nivel cr√≠tico e intelectual hay en Espa√±a, cu√°ndo la gente se irrita profundam‚Ä¶ https://t.co/Gd9jyi3DVc","Me gusta definir Espa√±a, mi pais y a sus ciudadanos con un verso ded",CataloniaisSPA,18,FALSE,0,NA,2020-04-30 18:01:31,TRUE,NA,1255920231001853955,NA,"<a href=""http://twitter.com/download/android"" rel=""nofollow"">Twitter for Android</a>",0,FALSE,FALSE,NA,NA,3757,426,3234,520,NA,ESPANYOL 2103 üá™üá∏,2018-04-04 18:16:09,FALSE,FALSE,"Barcelona, Spain",NA,981596299937091587,1,FALSE,http://pbs.twimg.com/profile_images/1245721142683471874/dAI_fROv_normal.jpg
i,1,Los amantes de los viajes en tren deber√≠an tener en cuenta a estos trayectos realizados con centenarias locomotoras‚Ä¶ https://t.co/5JHwrcfZsf,La experiencia de viajar contada como necesitas. Disfrutar como estilo de vida. Editado por @economiaed_,Cerodosbe,19,FALSE,0,NA,2020-04-30 18:00:47,TRUE,NA,1255920047559790596,NA,"<a href=""https://www.echobox.com"" rel=""nofollow"">Echobox Social</a>",0,FALSE,FALSE,NA,NA,58890,10630,2591,29,https://t.co/pPOcxONLkG,Cerodosb√©,2011-09-28 8:59:39,FALSE,TRUE,"Barcelona, Espa√±a",NA,381414304,462,FALSE,http://pbs.twimg.com/profile_images/950698301065752576/CrEeJRcr_normal.jpg
i,1,"Arroz a la naranja, un plato perfumado y agridulce https://t.co/AUhUMEuoYJ https://t.co/vanADcQiD1",Comunidad de restaurantes de ambito nacional que permite reducir tus facturas de luz y gas. No esperes la sorpresa de tu pr√≥xima factura #masterchefenergy,chef_energy,20,FALSE,0,NA,2020-04-30 18:02:34,FALSE,NA,1255920492763987968,NA,"<a href=""https://dlvrit.com/"" rel=""nofollow"">dlvr.it</a>",0,FALSE,FALSE,NA,NA,2709,422,288,2324,https://t.co/FjBcaJOcNR,MasterChefEnergy,2017-11-28 19:49:48,FALSE,FALSE,"Barcelona, Espa√±a",NA,935596608644943872,1,FALSE,http://pbs.twimg.com/profile_images/956079063122239488/OxwCg74x_normal.jpg
f,1,"Por fin este s√°bado podremos salir a hacer deporte, despu√©s de llevar m√°s de un mes confinados. Pero debemos ser co‚Ä¶ https://t.co/5849GeszMJ","üéì Fisioterapeuta
Proyecto de oste√≥pata      

üìçBarcelona 

üì©marinacolomer91@gmail.com",colomer_fisio,21,FALSE,0,NA,2020-04-30 18:02:42,TRUE,NA,1255920529879511040,NA,"<a href=""http://instagram.com"" rel=""nofollow"">Instagram</a>",0,FALSE,FALSE,NA,NA,119,43,6,114,https://t.co/cYbcPcSuis,Marina Fisio,2018-11-01 22:44:57,FALSE,FALSE,"Barcelona, Espa√±a",NA,1058127785850535937,2,FALSE,http://pbs.twimg.com/profile_images/1065312583190745088/tfzrDS-S_normal.jpg
m,-1,1 like y le abro la cabeza a mi profesora de f√≠sica,"Chaval catal√°n recurrente consumidor de pantomaca. Puigdemont mi dios, Tirant lo Blanc mi Biblia. Tambi√©n joseo a veces.",Comecojones69_,22,FALSE,1,NA,2020-04-30 18:02:13,FALSE,NA,1255920405589692416,NA,"<a href=""http://twitter.com/download/android"" rel=""nofollow"">Twitter for Android</a>",0,FALSE,FALSE,NA,NA,433,38,38547,435,NA,üö¶elPicuchillosüö¶,2019-11-20 22:01:07,FALSE,FALSE,"Barcelona, Espa√±a",NA,1197273634366218240,0,FALSE,http://pbs.twimg.com/profile_images/1232804864079679489/u_ys9UHE_normal.jpg
f,0,"Lo de los horarios para salir es para paseos, verdad? Osea a comprar se puede a cualquier hora.....","He aprendido que la vida es dura, pero yo lo soy m√°s! üí™üí™üí™üí™#esclerosism√∫ltiple 
Sigueme en mi blog",criscandybcn,23,FALSE,0,NA,2020-04-30 18:00:41,FALSE,NA,1255920022599467009,NA,"<a href=""http://twitter.com/download/android"" rel=""nofollow"">Twitter for Android</a>",0,FALSE,FALSE,NA,NA,1233,218,2815,312,https://t.co/hpwYCJrUB0,Cris #YoMeQuedoEnCasa,2011-07-13 14:18:08,FALSE,FALSE,"Barcelona, Espa√±a",NA,334686903,4,FALSE,http://pbs.twimg.com/profile_images/1066366624746344448/GmWKElEa_normal.jpg
m,0,"A ver qu√© yo me entere... Puedo salir con mi mujer a pasear de 6 a 10 o de 20 a 23h, pero no podemos salir con nues‚Ä¶ https://t.co/9qSBisbyEj","Atl√©tico de Madrid yo ser√© tu seguidor, yo contigo hasta morir. #GraciasGodin #GraciasGabi #GraciasTorres #eternocalderon",criskun19,24,FALSE,0,NA,2020-04-30 18:01:38,TRUE,NA,1255920258722017280,NA,"<a href=""http://twitter.com/download/iphone"" rel=""nofollow"">Twitter for iPhone</a>",0,FALSE,FALSE,NA,NA,925,63,1329,352,NA,Cristhian Morales,2017-07-09 15:23:28,FALSE,FALSE,"Barcelona, Espa√±a",NA,884070503950032896,0,FALSE,http://pbs.twimg.com/profile_images/1252949276751265794/11HmoJTg_normal.jpg
f,0,@ilhaamzen en la franja horaria de 20:00 a 23:00 te acerco unas,,cvrla__,25,FALSE,1,ilhaamzen,2020-04-30 18:00:19,FALSE,1255919761319436288,1255919926952570880,835499984824983552,"<a href=""http://twitter.com/download/iphone"" rel=""nofollow"">Twitter for iPhone</a>",0,FALSE,FALSE,NA,NA,48,13,58,17,https://t.co/zN39dqIZxu,carlaü¶ã,2020-04-13 15:17:07,FALSE,FALSE,"Barcelona, Espa√±a",NA,1249718209030258689,0,FALSE,http://pbs.twimg.com/profile_images/1249718562496929792/xcAoL2_1_normal.jpg
f,0,"@gyaldrea A mi cuando me dio sentia la necesidad de hacer algo a toda velocidad, al no poder hacerlo me comence a r‚Ä¶ https://t.co/GJmU9XcGI3","Jugador de WoW desde 2004, juego y casteo la liga de las leyendas para @lalega",Cynox336,26,FALSE,0,gyaldrea,2020-04-30 18:04:02,TRUE,1255834560706883584,1255920861984456704,1044281998070681600,"<a href=""https://mobile.twitter.com"" rel=""nofollow"">Twitter Web App</a>",0,FALSE,FALSE,NA,NA,6501,136,2664,231,https://t.co/fewbB2HK7P,Cynox,2012-10-16 14:41:52,FALSE,FALSE,"Barcelona, Espa√±a",NA,884590129,2,FALSE,http://pbs.twimg.com/profile_images/1251337643356495872/7t3ujVdj_normal.jpg
m,-1,"@Hibai_ Ya, se me est√° yendo la pinza, ni saliendo a la terraza que arreglo esto.",Music photographer/journalist since 2004. Co-head of @Snapclapclub label. Proud part of @cuarentenafest. Teacher @lci_barcelona. Condition: VG+/NM,Dani_Canto,27,FALSE,0,Hibai_,2020-04-30 18:04:03,FALSE,1255918232151699462,1255920867781103617,14525982,"<a href=""https://about.twitter.com/products/tweetdeck"" rel=""nofollow"">TweetDeck</a>",0,FALSE,FALSE,NA,NA,35782,3483,46386,1324,https://t.co/bUAcvkS9CW,Dani Cant√≥,2010-03-30 10:16:57,FALSE,TRUE,"Barcelona, Spain",NA,127823139,74,FALSE,http://pbs.twimg.com/profile_images/1077958288778715138/1Yl3qqRm_normal.jpg
i,0,A qu√© hora podremos salir a partir del s√°bado. Que no me aclaro. Twitter haz tu magia.,https://t.co/N4u9ZYS6jD,desertgrup,28,FALSE,2,NA,2020-04-30 18:00:09,FALSE,NA,1255919886355902465,NA,"<a href=""https://mobile.twitter.com"" rel=""nofollow"">Twitter Web App</a>",0,FALSE,FALSE,NA,NA,1580,539,1577,291,NA,Desert,2012-09-17 10:38:37,FALSE,FALSE,Barcelona,NA,828799062,18,FALSE,http://pbs.twimg.com/profile_images/1253695067891662849/lYyl4l0E_normal.jpg
m,-1,"@RguezRguezMA Por qu√© te odio a la vez de querer abrazarte?????? De verdad... eiugh los hombres 

En fin suerte de‚Ä¶ https://t.co/mlXhYIf7Rg",modus tollons; soc una idiota amb ganes de plorar... entre altres coses faig filosofia a la ub raval i fagotisme en Twitter,desraulizacion,29,FALSE,0,RguezRguezMA,2020-04-30 18:04:00,TRUE,1255907019866935296,1255920854921330688,1056508914311802880,"<a href=""http://twitter.com/download/iphone"" rel=""nofollow"">Twitter for iPhone</a>",0,FALSE,FALSE,NA,NA,23095,552,33198,935,NA,œÅœÅœÅœÖŒªŒπœÑŒø Œ∫Œ±ŒΩœÑŒπŒ±ŒΩ Œ¥ŒπŒ≤Œ±,2016-07-03 16:06:09,FALSE,FALSE,Lleida / Barcelona ,NA,749635347781455872,1,FALSE,http://pbs.twimg.com/profile_images/1251296423259275264/0UpyHpQY_normal.jpg
f,0,"estos d√≠as est√°n en oferta los juegos de steam que pertenece al g√©nero ""juegos que le gustan a la laura""",26 üåº No me siento c√≥moda con menores de edad sigui√©ndome üîû ‚òò Cc: https://t.co/Ll4ZPdOlHG üå∏ AC: @dzw_artsy,dioszawarudo,30,FALSE,0,NA,2020-04-30 18:03:53,FALSE,NA,1255920827507396608,NA,"<a href=""https://mobile.twitter.com"" rel=""nofollow"">Twitter Web App</a>",0,FALSE,FALSE,NA,NA,49405,290,35337,274,https://t.co/2EP7xOu5MP,soft and cute chick üåº,2014-04-01 8:10:15,FALSE,FALSE,"Barcelona, Espa√±a",NA,2421764131,15,FALSE,http://pbs.twimg.com/profile_images/1243906310896340992/tTkIs1fH_normal.png
m,1,¬øC√≥mo est√° afectando la crisis del COVID-19 a las campa√±as de Email Marketing? https://t.co/oflBNvN3wM,Inbound Marketing en @iebschool. Buscando el momento perfecto para cada contenido üñ•Ô∏è #Inbound üì© #EmailMarketing,DomenechMestre,31,FALSE,0,NA,2020-04-30 18:04:21,FALSE,NA,1255920944373215233,NA,"<a href=""https://mobile.twitter.com"" rel=""nofollow"">Twitter Web App</a>",0,FALSE,FALSE,NA,NA,156,74,72,251,https://t.co/H5uydC2ifn,Miguel Domenech - Inbound Marketing,2019-10-23 19:10:04,FALSE,FALSE,"Barcelona, Espa√±a",NA,1187083720165068801,1,FALSE,http://pbs.twimg.com/profile_images/1187716138135887872/GxNAvaI4_normal.jpg
i,1,En @HosteleriaMad piden a @MADRID que vean las #terrazas como un espacio y herramienta de recuperaci√≥n econ√≥mica pa‚Ä¶ https://t.co/X9HBHrBpJM,#RevistaDigital #Gastronom√≠a | #PublicidadDigital | Visibilidad de #Negocio | #Consultoria #Digital | #SolucionesDigitales | IG: donacroquetabcn / donafoodiebcn,donacomgastro,32,FALSE,0,NA,2020-04-30 18:01:09,TRUE,NA,1255920140341972992,NA,"<a href=""https://metricool.com"" rel=""nofollow"">Metricool</a>",0,FALSE,FALSE,NA,NA,2608,1082,3935,389,NA,Do√±a Croqueta | Comunicaci√≥n Digital Gastronom√≠a,2017-01-23 11:22:19,FALSE,FALSE,"Barcelona, Spain",NA,823491043563896832,11,FALSE,http://pbs.twimg.com/profile_images/1248653038987825153/2x5XWVHj_normal.jpg
f,1,"#LinkedInPulse es el blog de esta red social que te ayuda a atraer m√°s clientes y aumentar tus ventas. 
No basta co‚Ä¶ https://t.co/55X2O8p7DD","‚è∫Ô∏è Me gusta ayudarte a vender m√°s CON las #RedesSociales gracias al #SocialSelling
‚è∫Ô∏è Consultora y formadora de #MarketingDigital y #SocialMedia
‚è∫Ô∏è #Mentoring",DuroLimia,33,FALSE,0,NA,2020-04-30 18:02:02,TRUE,NA,1255920361004244993,NA,"<a href=""https://buffer.com"" rel=""nofollow"">Buffer</a>",0,FALSE,FALSE,NA,NA,29639,10591,13312,5172,https://t.co/yw0JSRWNk6,Sonia Duro Limia,2012-01-10 17:12:04,FALSE,FALSE,Barcelona,NA,460341225,514,FALSE,http://pbs.twimg.com/profile_images/1226778799116820485/aYNTWV8o_normal.jpg
m,-1,"@Gera88364727 @bayron820 @InvictosSomos Que mbappe gano que? Si monaco esa temporada tenia un equipazo, pasa que a‚Ä¶ https://t.co/s46mReLFTr",DOMINICANüá©üá¥/GOD‚Ä†/21Years/Libra‚ôé/Bar√ßa,edconsuflow,34,FALSE,0,Gera88364727,2020-04-30 18:03:59,TRUE,1255907323870162945,1255920853197426696,1230679422086283264,"<a href=""http://twitter.com/download/android"" rel=""nofollow"">Twitter for Android</a>",0,FALSE,FALSE,NA,NA,17518,576,3094,980,NA,E D ‚ö°,2011-09-29 3:58:04,FALSE,FALSE,"Barcelona, Espa√±a",NA,381896773,1,FALSE,http://pbs.twimg.com/profile_images/1227276158066139138/rwadi1X__normal.jpg
f,0,La Confederaci√≥n Espa√±ola de Comercio (CEC @CEC_Comercio  ) recuerda al Ministerio de Comercio que todav√≠a no tiene‚Ä¶ https://t.co/1O4rMMV8L5,"Ediciones Sibila es una editorial de revistas t√©cnicas de moda. Editamos 3 revistas de moda profesionales: Prensapiel, PuntoModa y Textil y Moda.",EDICIONESSIBILA,35,FALSE,0,NA,2020-04-30 18:02:24,TRUE,NA,1255920453820047361,NA,"<a href=""https://mobile.twitter.com"" rel=""nofollow"">Twitter Web App</a>",0,FALSE,FALSE,NA,NA,20911,1493,1732,1114,https://t.co/ldIZ9rZzeg,PUNTOMODA,2009-12-29 17:17:53,FALSE,FALSE,BARCELONA,NA,100273378,50,FALSE,http://pbs.twimg.com/profile_images/1531233633/LOGOS_essl_normal.jpg
f,0,"SESI√ìN INFORMATIVA - M√°ster en Dise√±o de espacios: User experience - 07/05/2020, 18h &gt;&gt;&gt; Inscripciones a la sesi√≥n:‚Ä¶ https://t.co/YPg6ic0Zx7","EINA promueve un dise√±o funcional, cr√≠tico y sostenible para responder a los retos de futuro en los estudios que ofrece: Grado de Dise√±o y M√°sters y Postgrados.",EinaBcn,36,FALSE,0,NA,2020-04-30 18:00:45,TRUE,NA,1255920037107568642,NA,"<a href=""https://www.hootsuite.com"" rel=""nofollow"">Hootsuite Inc.</a>",0,FALSE,FALSE,NA,NA,3736,5341,1285,810,https://t.co/sU1dt1ROkV,"EINA, Centre Universitari de Disseny i Art de BCN",2012-02-28 11:51:22,FALSE,FALSE,Barcelona,NA,507268011,162,FALSE,http://pbs.twimg.com/profile_images/1255480139539980288/GkoqG0a8_normal.jpg
i,-1,"@Toyota_Esp @ToyotaPrensa apoya a la multinacional de #Cabify que hace competencia desleal al Taxi, se aprovechan d‚Ä¶ https://t.co/D2yLbNSyLf","Llevamos 6 a√±os luchando contra las #Apps disruptivas Uber y Cabify #VehiculosPiratas  #TaxienLucha üí™#EliteTaxi
 #UberPopOff  #MejorEnTaxi  üöñüöï @NTaxi_",Elite_TaxiBcn,37,FALSE,0,Toyota_Esp,2020-04-30 18:00:10,TRUE,NA,1255919892563460096,72887574,"<a href=""http://twitter.com/download/android"" rel=""nofollow"">Twitter for Android</a>",0,FALSE,FALSE,NA,NA,18867,9100,25283,4863,https://t.co/aKRtUOiuEV,Elite Taxi Bcn #1Vtc30Taxis,2014-03-16 11:29:31,FALSE,FALSE,Barcelona,NA,2415010228,116,FALSE,http://pbs.twimg.com/profile_images/1245781246233493505/fbOeoSl3_normal.jpg
f,-1,@AnimusLiberES @wachitnai1 @Morganacatalana Ves a la merda. Troll √±ordo,"dona, casada, mare, treballadora,lleial, INDEPENDENTISTA d tota la vida, ara republicana, il¬∑lusionada amb el futur https://t.co/bzQJaEc0C3",EmDicMerce,38,FALSE,1,AnimusLiberES,2020-04-30 18:00:48,FALSE,1255904358195171329,1255920051800158210,2724019233,"<a href=""http://twitter.com/download/android"" rel=""nofollow"">Twitter for Android</a>",0,FALSE,FALSE,NA,NA,378634,7743,540314,7728,https://t.co/KqJR1PC14o,üéñüéóüéóüéóüéóüéóüéóüéóüéóüéóüéó *X,2013-09-15 17:38:08,FALSE,FALSE,"Barcelona, CATALUNYA",NA,1868602543,168,FALSE,http://pbs.twimg.com/profile_images/830902759507554304/KtXO71RB_normal.jpg
i,0,El deporte individual y los paseos deber√°n ser de 6 a 10 h y de 20 a 23 h https://t.co/kefQafyIDn,Todas las noticias de la secci√≥n de Pol√≠tica de El Peri√≥dico @elperiodico. üì¢ S√≠guenos tambi√©n en Telegram https://t.co/pD5Nxbz3II,eppolitica_cas,39,FALSE,0,NA,2020-04-30 18:03:46,FALSE,NA,1255920797987864577,NA,"<a href=""http://dogtrack.es"" rel=""nofollow"">DogTrack_Oficial</a>",0,FALSE,FALSE,NA,NA,51551,2325,15,473,https://t.co/fj3OWnxnFH,ElPeri√≥dico Pol√≠tica,2011-11-18 16:17:50,FALSE,FALSE,Barcelona,NA,415640865,93,FALSE,http://pbs.twimg.com/profile_images/875759451344691201/7oHgCmMx_normal.jpg
i,0,"4 mujeres que cambiaron el mundo a trav√©s del dise√±o y la arquitectura. üë≠üë≠üëâhttps://t.co/Ud9U3dvVwI 

#dise√±o‚Ä¶ https://t.co/G5G4J4ozh2",‚úèÔ∏èEscuela Superior de Dise√±o de Barcelona. Somos los primeros en ofrecer M√°sters online de dise√±o a alumn@s de todo el mundo. üåçSomos #ESDESIGNBarcelona,esdesignbcn,40,FALSE,0,NA,2020-04-30 18:02:24,TRUE,NA,1255920453606092801,NA,"<a href=""https://onlypult.com"" rel=""nofollow"">OnlyPultCom</a>",0,FALSE,FALSE,NA,NA,5399,7906,3655,5866,https://t.co/4IezAVZL3w,ESDESIGN Barcelona,2016-02-05 14:30:09,FALSE,FALSE,"Barcelona, Espa√±a",NA,4877949136,131,FALSE,http://pbs.twimg.com/profile_images/1242857484387319808/1mFqFpDo_normal.jpg
f,-1,Nos machacan a cada momento con la distancia social de dos metros y el uso de mascarillas cuando ellos son los prim‚Ä¶ https://t.co/cZgdC3MKIy,,FanaticaGH7,41,FALSE,1,NA,2020-04-30 18:03:21,TRUE,NA,1255920691314032641,NA,"<a href=""http://twitter.com/download/android"" rel=""nofollow"">Twitter for Android</a>",0,FALSE,FALSE,NA,NA,21637,3776,14853,599,NA,Summer üá∫üáæüèÄüí™,2016-03-28 11:26:24,FALSE,FALSE,"Barcelona, Catalu√±a",NA,714413325275291650,6,FALSE,http://pbs.twimg.com/profile_images/942307851040710657/Q1udi5Ot_normal.jpg
f,0,"@Lucy_in_Firenze Tendr√≠an que habilitarle una franja espec√≠fica, parece peligroso. Voy a comentarlo con @AdaColau","Hasta el mism√≠simo porompompom de vivir en Mordor. Por una Catalu√±a libre de nacionalismo. 
Pongo mal las comas pero bien los puntos sobre las √≠es.",faraoneando,42,FALSE,0,Lucy_in_Firenze,2020-04-30 18:00:19,FALSE,1255919674115657728,1255919928156270593,4759179628,"<a href=""http://twitter.com/download/android"" rel=""nofollow"">Twitter for Android</a>",0,FALSE,FALSE,NA,NA,43076,5876,101300,774,NA,M√≥nica (üè°),2017-12-02 14:20:12,FALSE,FALSE,"Barcelona, Espa√±a",NA,936963212494475265,9,FALSE,http://pbs.twimg.com/profile_images/1175678145934049280/sY43EFfd_normal.jpg
i,1,CLUB | Desde @fsalagarcia  nuestro reconocimiento al personal sanitario y a todos/as los que trabajan cuid√°ndonos p‚Ä¶ https://t.co/R2U7Wd2PH9,Twitter oficial de FS Garcia.  Industrias Santa Coloma √©s el club deg√† de la Primera Divisi√≥ de futbol sala.,fsalagarcia,43,FALSE,0,NA,2020-04-30 18:00:46,TRUE,NA,1255920040559419393,NA,"<a href=""https://www.hootsuite.com"" rel=""nofollow"">Hootsuite Inc.</a>",0,FALSE,FALSE,NA,NA,38992,14780,491,215,http://t.co/uOXpGGeOIJ,Industrias Santa Coloma,2011-10-20 10:59:16,FALSE,FALSE,Santa Coloma de Gramenet,NA,394616610,163,FALSE,http://pbs.twimg.com/profile_images/1236921065722589184/f8_r6-b7_normal.jpg
m,-1,"El problema de ser sarc√°stico es que en ocasiones la gente me rechaza, y como a m√≠ me importa mucho su opini√≥n, me pongo muy triste.
üòâüòÅ","Ser capaz de mirarse a uno mismo y aceptar quien eres, con lo bueno y lo malo, es un ejercicio necesario para ser feliz.",garyfersot,44,FALSE,0,NA,2020-04-30 18:00:57,FALSE,NA,1255920087510519810,NA,"<a href=""http://twitter.com/download/android"" rel=""nofollow"">Twitter for Android</a>",0,FALSE,FALSE,NA,NA,3414,266,917,2507,NA,GARY FERSOT,2007-08-27 1:28:19,FALSE,FALSE,Barcelona,NA,8451402,3,FALSE,http://pbs.twimg.com/profile_images/3496183068/9275bf92ade70b39eedf4267860ca51c_normal.jpeg
f,-1,@salvameoficial Si nunca dice nada ..solo que se iba a casar..si estaba 3 meses venga ya...,Quien tiene magia..no necesita trucos,geovita81,45,FALSE,0,salvameoficial,2020-04-30 18:00:49,FALSE,1255874753618939907,1255920056162189312,252607825,"<a href=""http://twitter.com/download/android"" rel=""nofollow"">Twitter for Android</a>",0,FALSE,FALSE,NA,NA,83,9,395,142,NA,esther,2012-11-05 10:54:20,FALSE,FALSE,"Barcelona, Espa√±a",NA,927357864,1,FALSE,http://pbs.twimg.com/profile_images/1255540354088083456/hte1lLgk_normal.jpg
m,-1,"@IbaiLlanos @Pringles_ES @naw13rgz el torneo de calafy, caudillo y badulio, obligalos a apuntarse xD","27 a√±os. Adicto a las artes marciales, el skate, el graffiti, el manga y el LoL. Fan de #OrsonScottCard y sus obras, de la C.F. en general :)",gerardtorta8,46,FALSE,0,IbaiLlanos,2020-04-30 18:01:50,FALSE,1255917030169075713,1255920311477952516,2754746065,"<a href=""https://mobile.twitter.com"" rel=""nofollow"">Twitter Web App</a>",0,FALSE,FALSE,NA,NA,9447,160,2599,391,NA,üéóÔ∏èThe North-east RemembersüéóÔ∏è,2012-07-05 17:44:03,FALSE,FALSE,Barcelona,NA,627655587,2,FALSE,http://pbs.twimg.com/profile_images/534095657720905728/m0q7tg03_normal.jpeg
m,-1,"@susanabeltranga De tu comunidad governada por tu partido.
El patriotismo de despedir a sanitarios en Madrid, que s‚Ä¶ https://t.co/sCLnjeDTxH",,GroguesJosep,47,FALSE,0,susanabeltranga,2020-04-30 18:02:54,TRUE,1255759863835176961,1255920579359707142,483990093,"<a href=""http://twitter.com/download/android"" rel=""nofollow"">Twitter for Android</a>",0,FALSE,FALSE,NA,NA,9309,92,12826,719,NA,Josep Grogues,2014-04-22 8:58:42,FALSE,FALSE,Sants,NA,2501426092,0,FALSE,http://pbs.twimg.com/profile_images/1192193120533958661/BrW9biK__normal.jpg
m,-1,"@Noemi_delaCalle @CsarZafra El patriotismo de despedir a sanitarios en Madrid, que se han jugado la vida por salvar‚Ä¶ https://t.co/hnyiqbHTYW",,GroguesJosep,48,FALSE,0,Noemi_delaCalle,2020-04-30 18:01:53,TRUE,1255857940126457857,1255920324216066048,245392058,"<a href=""http://twitter.com/download/android"" rel=""nofollow"">Twitter for Android</a>",0,FALSE,FALSE,NA,NA,9309,92,12826,719,NA,Josep Grogues,2014-04-22 8:58:42,FALSE,FALSE,Sants,NA,2501426092,0,FALSE,http://pbs.twimg.com/profile_images/1192193120533958661/BrW9biK__normal.jpg
f,1,"soy esa clase de amiga que te va a escuchar siempre, le hables de lo que le hables, el rato que sea, y lo va  a hac‚Ä¶ https://t.co/3ghR2DI0Mu","Nos centramos tanto en nuestro dolor, que olvidamos nuestra propia fuerzaü•Ä
                                                      Hache, 18 a√±os, apa√±ada",Hache_jdr,49,FALSE,0,NA,2020-04-30 18:04:18,TRUE,NA,1255920931626790919,NA,"<a href=""http://twitter.com/download/android"" rel=""nofollow"">Twitter for Android</a>",0,FALSE,FALSE,NA,NA,5714,177,5336,168,https://t.co/84QoaaIGVD,HùñÜùñàùñçùñä‚ùÑ,2017-09-28 9:56:47,FALSE,FALSE,"Barcelona, Espa√±a",NA,913341709878202368,0,FALSE,http://pbs.twimg.com/profile_images/1242764471464071168/WIu--Y51_normal.jpg
m,-1,Martin Casado de a16z explica en esta charla que las empresas tecnol√≥gicas B2B ya no se comportan como tales. Est√°n‚Ä¶ https://t.co/1Hy4bNF0pb,"Leemos el mundo entre l√≠neas. Cada semana seleccionamos los contenidos m√°s relevantes y te los enviamos por email. 
Tendencias. Estrategia. Insights. Branding.",Haken_insights,50,FALSE,0,NA,2020-04-30 18:02:02,TRUE,NA,1255920359959867393,NA,"<a href=""https://buffer.com"" rel=""nofollow"">Buffer</a>",0,FALSE,FALSE,NA,NA,275,142,80,0,https://t.co/xyVYEqqgCT,Haken.io,2018-10-19 9:08:39,FALSE,FALSE,Barcelona,NA,1053211314942828549,3,FALSE,http://pbs.twimg.com/profile_images/1065654596880801793/bpA3_Opx_normal.jpg
f,0,IT'S A BABY JAJAJAJAAJAJBA https://t.co/WSxM566R3l,"I m…ëy be on the side of the …ëngels, but don't think for one second th…ët I …ëm one of them.",hedabatchx,51,FALSE,1,NA,2020-04-30 18:01:56,FALSE,NA,1255920336232681472,NA,"<a href=""http://twitter.com/download/android"" rel=""nofollow"">Twitter for Android</a>",0,FALSE,FALSE,NA,NA,905,88,28,279,https://t.co/74TYVEOqJV,nuria üíã,2020-04-16 16:21:44,FALSE,FALSE,"Barcelona, Catalu√±a",NA,1250821651618504706,0,FALSE,http://pbs.twimg.com/profile_images/1255894742237433861/ZfqpCN6t_normal.jpg
f,0,¬øEn serio que ahora se ha operado los ojos para parecerse a J1min?,"‚Å∏ ·µê·µÉ·µè·µâÀ¢ ¬π ·µó·µâ·µÉ·µê üíñ

 ùò¢ùòµùò¶ùò¶ùòª |    ùòØùò§ùòµ    |  ùò£ùòµùò¥   | s·•ô·•ímŒπ",heesookie,52,FALSE,0,NA,2020-04-30 18:04:15,FALSE,NA,1255920917693292553,NA,"<a href=""http://twitter.com/download/android"" rel=""nofollow"">Twitter for Android</a>",0,FALSE,FALSE,NA,NA,128941,3133,14860,798,https://t.co/wVfAtewqk8,liz loves ateez üíñ,2012-01-17 19:01:31,FALSE,FALSE, Barcelona,NA,466746159,23,FALSE,http://pbs.twimg.com/profile_images/1255832772901552129/MDBWlj5f_normal.jpg
f,-1,"Es lo q tiene tener esa voz melosa, la mentira para camelar y sobre todo el poder.
Es sabido q a muchas mujeres les‚Ä¶ https://t.co/wNCIYo7Y7q","He vivido miles de vidas a trav√©s de los libros. Tengo cientos de historias. Estoy orgullosa de ser espa√±ola. No doy pie ni a P¬¥s, ni separatas. Abstenerse.",HispaniaRevelde,53,FALSE,0,NA,2020-04-30 18:01:00,TRUE,NA,1255920099887898625,NA,"<a href=""https://mobile.twitter.com"" rel=""nofollow"">Twitter Web App</a>",0,FALSE,FALSE,NA,NA,16827,5947,64518,5432,NA,"Hispania Re""V""elde",2018-05-30 19:19:24,FALSE,FALSE,"Barcelona, Espa√±a",NA,1001905937786048518,1,FALSE,http://pbs.twimg.com/profile_images/1196875429543632898/KLWTIbHw_normal.jpg
i,-1,@shiveringteeth He hablado con mi nobeo y te vamos a adoptar quieras o no,Intentant volar em vaig cremar les ales i vaig caure en aquest lloc. https://t.co/TYOIPHUZQa,icarflight,54,FALSE,1,shiveringteeth,2020-04-30 18:03:54,FALSE,1255917039388164097,1255920832221765633,1894870249,"<a href=""http://twitter.com/download/android"" rel=""nofollow"">Twitter for Android</a>",0,FALSE,FALSE,NA,NA,47036,1220,108032,737,https://t.co/5NYdEKb8bR,Pol,2015-02-09 19:20:06,FALSE,FALSE,Barcelona,NA,3027005835,3,FALSE,http://pbs.twimg.com/profile_images/1121135597366779906/jm7DZ2Go_normal.jpg
f,-1,ya me joderia sufrir por amor con 10 a√±os yo a esa edad lloraba porque hab√≠a perdido al monopoly no me jodas https://t.co/Txn4imcO9I,se llama soy yo y va pa ti ü§çü§çü§çü§çü§çü§çü§ç radddi d Hugo Cobo y Eva Barreiro.,idontknow7450,55,FALSE,0,NA,2020-04-30 18:01:22,FALSE,NA,1255920192225509387,NA,"<a href=""http://twitter.com/download/iphone"" rel=""nofollow"">Twitter for iPhone</a>",0,FALSE,FALSE,NA,NA,1921,57,5327,104,NA,ana üßúüèº‚Äç‚ôÄÔ∏èü§ç,2020-03-07 18:39:21,FALSE,FALSE,"Barcelona, Espa√±a",NA,1236360737871859712,0,FALSE,http://pbs.twimg.com/profile_images/1255602658536230912/fy5UYeu8_normal.jpg
f,-1,La muerte nos da un ba√±o de realismo: ante la muerte relativizamos todo y nos damos cuenta de que quiz√°s hemos hech‚Ä¶ https://t.co/utHHt2NH14,,IglesiasAranda,56,FALSE,0,NA,2020-04-30 18:01:34,TRUE,NA,1255920244306124800,NA,"<a href=""https://mobile.twitter.com"" rel=""nofollow"">Twitter Web App</a>",0,FALSE,FALSE,NA,NA,126,37,1,5,http://t.co/KKquJqHI,Joaqu√≠n Iglesias,2010-01-20 19:55:10,FALSE,FALSE,"Barcelona, Spain",NA,106817176,0,FALSE,http://pbs.twimg.com/profile_images/1212470265625665539/vK9tPT8b_normal.jpg
i,1,"En el #laboratorio de #FIV nuestro peque√±o paciente es el embri√≥n, y todo nuestro trabajo est√° orientado a proteger‚Ä¶ https://t.co/y2roy0Dz5d","Institut Marqu√®s es un centro de referencia en los √°mbitos de la Ginecolog√≠a, Obstetricia y Reproducci√≥n Asistida. S√≠guenos tambi√©n en: http://t.co/Wo5jzNF5mw",imarques_ES,57,FALSE,1,NA,2020-04-30 18:02:04,TRUE,NA,1255920368541487106,NA,"<a href=""https://buffer.com"" rel=""nofollow"">Buffer</a>",0,FALSE,FALSE,NA,NA,6978,2809,1842,605,http://t.co/D21Qg1QJZu,Institut Marqu√®s,2010-11-11 15:26:45,FALSE,FALSE,Barcelona,NA,214505477,48,FALSE,http://pbs.twimg.com/profile_images/1201438868945416193/nNk_f3h0_normal.jpg
m,0,"Memento Mori!: ‚ÄúEl archipi√©lago m√°s peque√±o de la Costa Brava: Las islas Formigues‚Äù

Un desconocido para√≠so submari‚Ä¶ https://t.co/jbBoqxIJ50","Escritor, historiador y blogger. Autor del Blog ¬´Memento Mori!¬ª, colaborador en radio y prensa. Divulgador y activo defensor del Patrimonio Hist√≥rico",ireneuc,58,FALSE,0,NA,2020-04-30 18:00:56,TRUE,NA,1255920085329420288,NA,"<a href=""https://postcron.com"" rel=""nofollow"">Postcron App</a>",0,FALSE,FALSE,NA,NA,12778,937,13210,692,https://t.co/vSI2oG4smz,Ireneu Castillo,2009-12-24 14:47:42,FALSE,FALSE,L'Hospitalet de Llobregat,NA,99116412,43,FALSE,http://pbs.twimg.com/profile_images/1039249895276912640/Y6ELlfpf_normal.jpg
f,0,"@LuisAngel_F1 @el54mac @carlesenric Ojal√° esto de un cambiazo, porque ahora tenemos q mantener a un n√∫mero bastante‚Ä¶ https://t.co/lSzoG5HuY7","Sabes mi nombre pero no mi historia.Hasta que me conozcas,no me juzgues./madrile√±a/todas las fotos que subo son propias .üì∏Reservado derecho #yomequedoencasaüè†",Isabelip59,59,FALSE,0,LuisAngel_F1,2020-04-30 18:02:43,TRUE,1255917676003758080,1255920533893414914,465780806,"<a href=""http://twitter.com/download/iphone"" rel=""nofollow"">Twitter for iPhone</a>",0,FALSE,FALSE,NA,NA,93610,1278,82518,337,NA,Isabel,2012-08-24 22:22:59,FALSE,FALSE,"Barcelona, Espa√±a ",NA,779079302,46,FALSE,http://pbs.twimg.com/profile_images/1253947709888827393/R3x_hEFI_normal.jpg
m,0,A ver si alguien me a√±ade algo que me falte en esta playlist üò≥üò≥üò≥ https://t.co/dGeoOfvKig,Enchufa el altavoz que empezamos. Oposito a la Abogac√≠a del Estado.,ItsSoler,60,FALSE,0,NA,2020-04-30 18:00:14,FALSE,NA,1255919908581527558,NA,"<a href=""http://twitter.com/download/iphone"" rel=""nofollow"">Twitter for iPhone</a>",0,FALSE,FALSE,NA,NA,3945,368,21507,920,NA,J. üá™üá∏,2016-03-31 17:24:48,FALSE,FALSE,"Barcelona, Espa√±a",NA,715590681146863616,1,FALSE,http://pbs.twimg.com/profile_images/1227181020212011008/Evc2v-81_normal.jpg
m,-1,"Y ME MOLESTA QUE NO EST√âN HABLANDO DE ESTO @ GAYS QUE SE PRESTAN A TODO ESE MORBO 

que lindos se ven esperancitos‚Ä¶ https://t.co/f7LTKbZcDI",#SOSNicaragua,jeanvelez06,61,FALSE,0,NA,2020-04-30 18:00:31,TRUE,NA,1255919980018905094,NA,"<a href=""http://twitter.com/download/iphone"" rel=""nofollow"">Twitter for iPhone</a>",0,FALSE,FALSE,NA,NA,18076,343,24082,440,https://t.co/orZmCNfW7R,chrystal methyd stan account,2013-02-16 1:11:25,FALSE,FALSE,Barcelona,NA,1183957177,3,FALSE,http://pbs.twimg.com/profile_images/1250555453945401348/uDYHvzIl_normal.jpg
m,0,@AndresLuelmo Eso es lo que me parece a m√≠ tambi√©n.,Catedr√°tico de Derecho procesal. Universitat de Barcelona.,jordinieva,62,FALSE,0,AndresLuelmo,2020-04-30 18:01:33,FALSE,1255919418380615681,1255920238018904065,1146330360873201664,"<a href=""http://twitter.com/download/android"" rel=""nofollow"">Twitter for Android</a>",0,FALSE,FALSE,NA,NA,815,19558,10427,266,NA,Jordi Nieva-Fenoll,2010-06-26 9:18:52,FALSE,FALSE,Barcelona,NA,159777686,165,FALSE,http://pbs.twimg.com/profile_images/1172170144216494085/HFY-UBDQ_normal.jpg
m,-1,Y en qu√© fase la gente va a dejar de aplaudir?,Just came for the music,jorgepirolo,63,FALSE,0,NA,2020-04-30 18:02:24,FALSE,NA,1255920453820059656,NA,"<a href=""http://twitter.com/download/iphone"" rel=""nofollow"">Twitter for iPhone</a>",0,FALSE,FALSE,NA,NA,7385,470,2363,276,NA,piro üß∏,2009-06-07 20:57:26,FALSE,FALSE,BCN,NA,45421891,2,FALSE,http://pbs.twimg.com/profile_images/1250828860809150466/CAadeXzQ_normal.jpg
m,-1,@IbaiLlanos @Pringles_ES #BarbeQPringlesHierro soy Hierro 3 soy bastante malo en adc hay cosas que hago siendo adc‚Ä¶ https://t.co/PtYMAmfaCV,"Mod de Discord @GiantsGaming, Mod en Minecochia Network
 AD/Carry",josepginer17,64,FALSE,0,IbaiLlanos,2020-04-30 18:02:17,TRUE,1255917030169075713,1255920423247720449,2754746065,"<a href=""https://mobile.twitter.com"" rel=""nofollow"">Twitter Web App</a>",0,FALSE,FALSE,NA,NA,2918,151,2762,241,NA,Y√∏sius üíú #WeAreGiants,2015-01-17 19:29:28,FALSE,FALSE,"Barcelona, Espa√±a",NA,2983026106,6,FALSE,http://pbs.twimg.com/profile_images/1247242983621242892/9kOcjb-s_normal.jpg
m,-1,"El s√°bado que ya se podr√° salir un rato creo que no saldr√© porque, con el √≠mpetu general de los primeros d√≠as, va a‚Ä¶ https://t.co/ndycgc7h2b",¬°MARICONES DEL ESPACIO!,JRCONDILOMA,65,FALSE,0,NA,2020-04-30 18:04:03,TRUE,NA,1255920868892585987,NA,"<a href=""http://twitter.com/download/android"" rel=""nofollow"">Twitter for Android</a>",0,FALSE,FALSE,NA,NA,16614,446,16918,211,http://t.co/0aSf9xzrUm,CONDILOMA,2013-06-03 18:20:30,FALSE,FALSE,Barcelona,NA,1480312476,10,FALSE,http://pbs.twimg.com/profile_images/1222599745933320192/tJzelDwO_normal.jpg
i,1,"ü§Ø No vas a creer esto! PENDRIVE KINGSTON DATATRAVELLER SE9 16GB USB 2.0 CUBIERTA DE METAL PLATA a ‚Ç¨5,19 ü§Ø
de KINGST‚Ä¶ https://t.co/hBjLFX141T","üíª Consultor√≠a Inform√°tica
üöÄ Marketing Digital
üëç SEGUIR AHORA a JSVnet",JSVnet,66,FALSE,0,NA,2020-04-30 18:00:03,TRUE,NA,1255919861273964544,NA,"<a href=""https://www.mykapusta.com/post-studio"" rel=""nofollow"">Post Studio</a>",0,FALSE,FALSE,NA,NA,12616,355,15,223,https://t.co/2mpAVLrcNk,JSVnet - Marketing Digital ‚òÜ‚òÜ‚òÜ,2013-08-05 21:02:30,FALSE,FALSE,Barcelona,NA,1648640712,27,FALSE,http://pbs.twimg.com/profile_images/472869220863066112/5dr1OjGz_normal.png
m,-1,@mansmontx Creo que se refiere a que no son humanos,19. | Netflix and Me | Un d√≠a sal√≠ de mi casa sin saber que terminar√≠a dando vueltas por el mundo,kbashow,67,FALSE,0,mansmontx,2020-04-30 18:01:03,FALSE,1255919888071380998,1255920113649401857,781134474717368325,"<a href=""http://twitter.com/download/iphone"" rel=""nofollow"">Twitter for iPhone</a>",0,FALSE,FALSE,NA,NA,7884,110,16687,310,https://t.co/PVl5xPu5KE,Kristian‚ö°Ô∏è,2016-08-21 5:47:44,FALSE,FALSE,"Barcelona, Espa√±a",NA,767236723600424960,1,FALSE,http://pbs.twimg.com/profile_images/1244432575655022592/M7DTf3o3_normal.jpg
m,-1,"De 00:00 a 24:00 #StopComunismo

A las  19:00 #cacerolada19h del #GobiernoDelBulo 

A las 21:00 #Cacerolada21h del‚Ä¶ https://t.co/tvNqyuMGuu","De paso por el mundo. Observo, analizo, y hago cr√≠tica objetiva de la vida. No apto para mentes obtusas. C√≥mo todos, tengo mi lado oscuro.üòé
#LaSilenciosaCat üì¢",kokecabrera,68,FALSE,0,NA,2020-04-30 18:00:51,TRUE,NA,1255920061031886851,NA,"<a href=""http://twitter.com/download/android"" rel=""nofollow"">Twitter for Android</a>",0,FALSE,FALSE,NA,NA,87582,1617,96763,1597,NA,Koke Cabrera üñ§üá™üá∏üò∑ (en üè†),2010-10-07 23:41:26,FALSE,FALSE,Barcelona,NA,199888321,1,FALSE,http://pbs.twimg.com/profile_images/1191516014103662592/FbzkrfSa_normal.jpg
i,-1,"‚ÄúUn 30-40% de los comercios puede que no vuelvan a abrir despu√©s de esta crisis‚Äù
Lee la entrevista con el Prof. Fra‚Ä¶ https://t.co/RhKGE5Sy3c",Revista de los alumnos del M√°ster en Periodismo BCN_NY. IL3-Universidad de Barcelona & Columbia Journalism School. @MasterBCN_NY,La22Magazine,69,FALSE,0,NA,2020-04-30 18:00:01,TRUE,NA,1255919852642066434,NA,"<a href=""https://about.twitter.com/products/tweetdeck"" rel=""nofollow"">TweetDeck</a>",0,FALSE,FALSE,NA,NA,1084,317,170,305,https://t.co/5ltuC8JFzf,La22,2013-12-12 13:09:31,FALSE,FALSE,Barcelona,NA,2242345704,8,FALSE,http://pbs.twimg.com/profile_images/1251475808683687937/PRfIoEpO_normal.jpg
i,-1,La pandemia ha llevado a tomar la decisi√≥n de cerrarlo entre la una y las cinco horas https://t.co/xIMJ4aK8Z0,"Pluralidad, rigor y calidad desde 1881. La Vanguardia es el lugar donde todos y todas nos encontramos.",LaVanguardia,70,FALSE,5,NA,2020-04-30 18:02:04,FALSE,NA,1255920368251961362,NA,"<a href=""http://www.lavanguardia.es"" rel=""nofollow"">App publicaci√≥n twits DGRID</a>",2,FALSE,FALSE,NA,NA,512007,1157523,435,572,https://t.co/ooRL31qYXn,La Vanguardia,2009-09-15 13:56:57,FALSE,TRUE,Barcelona,NA,74453123,13504,FALSE,http://pbs.twimg.com/profile_images/936873783721320448/6Q97S0pp_normal.jpg
f,-1,"@spikanor11 pue que aunque sea una salida, no hay que olvidar lo que representa que una mujer venda su cuerpo a los‚Ä¶ https://t.co/BIGLVDItvp","L'√∫nic que busco √©s all√≤ que se'm va perdre, que √©s a mi mateixa.
 
Reflexiono sobre lo pol√≠tico del amor, porque es lo que me salv√≥ la vida.",leagueofmanu,71,FALSE,0,spikanor11,2020-04-30 18:00:24,TRUE,1255877951339585537,1255919949865988096,2721501119,"<a href=""https://mobile.twitter.com"" rel=""nofollow"">Twitter Web App</a>",0,FALSE,FALSE,NA,NA,22399,207,31326,537,https://t.co/JzC5zRlBD9,Mia ‚öí,2013-12-30 11:55:03,FALSE,FALSE,Barcelona,NA,2268755876,6,FALSE,http://pbs.twimg.com/profile_images/1244049784056545281/Qwcy8ldl_normal.jpg
i,-1,@SplatSwifty Vas a conseguir hacerme llorar kbron.,"Deja de stalkear y haz algo de provecho...
#17",legend_uri,72,FALSE,1,SplatSwifty,2020-04-30 18:01:14,FALSE,1255910842056540161,1255920159493144577,1064904247198851074,"<a href=""https://mobile.twitter.com"" rel=""nofollow"">Twitter Web App</a>",0,FALSE,FALSE,NA,NA,8936,205,15885,372,https://t.co/zDu9J8AnUa,üê¨Uri,2018-09-19 15:21:52,FALSE,FALSE,"Barcelona, Espa√±a",NA,1042433598090096641,0,FALSE,http://pbs.twimg.com/profile_images/1214239315624124417/WGq_5RSM_normal.jpg
f,-1,"Querida familia:
Mi padre y yo no contestamos a vuestros putos mensajes de ¬øest√°s bien? porque estamos los 2 en la‚Ä¶ https://t.co/a9RtVR8sVI","solo escribo cosas tristes, indirectas y me quejo mucho de la vida.",liittleunicornn,73,FALSE,0,NA,2020-04-30 18:01:01,TRUE,NA,1255920103104839680,NA,"<a href=""http://twitter.com/download/android"" rel=""nofollow"">Twitter for Android</a>",0,FALSE,FALSE,NA,NA,352,54,4340,110,NA,Anaa.,2019-11-17 12:58:27,FALSE,FALSE,"Barcelona, Espa√±a",NA,1196049890515865600,0,FALSE,http://pbs.twimg.com/profile_images/1213948980465405958/qHy9_k-o_normal.jpg
m,-1,Algunos cuando os quej√°is me record√°is al padre de Milhouse hablando sobre que su hijo come spaghetti dos veces a l‚Ä¶ https://t.co/3BmSIeAuRm,Me he pasado la vida siempre rayado con algo. I'm Buckethead. College de Pathaphysyque. Soy m√°s viejo que t√∫. Promotor del Jamelguismo,luxorytebas,74,FALSE,0,NA,2020-04-30 18:00:22,TRUE,NA,1255919941829656578,NA,"<a href=""http://twitter.com/download/android"" rel=""nofollow"">Twitter for Android</a>",0,FALSE,FALSE,NA,NA,24940,450,54204,768,NA,Rafa Pe√±aüíé,2019-11-28 0:32:12,FALSE,FALSE,"Barcelona, Espa√±a",NA,1199848366609448960,0,FALSE,http://pbs.twimg.com/profile_images/1252399064420737025/12qQ8rB7_normal.jpg
m,-1,"@SChiringuitos ABASCAL, lo tiene mal.. Le suena el despertador a las 5:30 y le da un iptus",De izquierdas ateo y Rep√∫blicano.. si no me  encuentras en el sur estoy en Barcelona,M1gue2,75,FALSE,0,SChiringuitos,2020-04-30 18:01:59,FALSE,1255918608653393920,1255920349478367234,1203613905882365952,"<a href=""http://twitter.com/download/android"" rel=""nofollow"">Twitter for Android</a>",0,FALSE,FALSE,NA,NA,1796,1081,4477,1395,NA,Mikeldelacreu,2019-02-10 9:25:04,FALSE,FALSE,"Barcelona, Espa√±a",NA,1.09453E+18,2,FALSE,http://pbs.twimg.com/profile_images/1255044057501499392/SHWDxN5V_normal.jpg
i,-1,Pues 1km a partir de mi casa por un lado hay calle por otro hay mar... Que pasa si me tiro al mar??? NO HAY NADA PR‚Ä¶ https://t.co/Nq3qlCp7A0,"Mai‚ú¶ +20‚ú¶ (L)GTBI‚ú¶Spanish Cosplayer&Cosmaker üá™üá∏ deep weeb.
Touken Ranbu enthusiast.

I miss my home planet.

‚Ü™cosplay acc @mai_chinchin",maioneesama__,76,FALSE,2,NA,2020-04-30 18:01:00,TRUE,NA,1255920102018555907,NA,"<a href=""http://twitter.com/download/android"" rel=""nofollow"">Twitter for Android</a>",0,FALSE,FALSE,NA,NA,134339,440,131230,777,NA,üíÆËàûüíÆ@ toumyu live fest!!!!!,2016-02-10 12:10:48,FALSE,FALSE,"Barcelona, Espa√±a",NA,4894744659,7,FALSE,http://pbs.twimg.com/profile_images/1246156172174004224/QNQO2rey_normal.jpg
f,0,"@_lucylucy mi refiero a mi casa jaja 
ya necesito salir y ver otras cosas amika!","Feminista y migrante. 
Trabajo y milito por la #descolonizaci√≥n y el #antirracismo
Tambi√©n soy periodista especializada en estudios de g√©nero.",MaritzaSore,77,FALSE,0,_lucylucy,2020-04-30 18:02:27,FALSE,1255919099802198016,1255920464620408832,336296225,"<a href=""https://mobile.twitter.com"" rel=""nofollow"">Twitter Web App</a>",0,FALSE,FALSE,NA,NA,116,29,106,125,NA,Maritza Sore,2019-11-11 11:41:43,FALSE,FALSE,Barcelona,NA,1193856296350625792,0,FALSE,http://pbs.twimg.com/profile_images/1247152409270460416/vfM-Ikv__normal.jpg
m,0,Por lo visto esta salida conjunta s√≥lo se aplica para silleros con copiloto por tanto los motivos 1 y 2 quedan inva‚Ä¶ https://t.co/eqSqmrij4K,Soy Aitor Celis Sisniega y me gustar√≠a ayudarte a gestionar tu comunicaci√≥n online y offline para no s√≥lo comunicar sino transmitir.  https://t.co/5bvJoZyOJj,MarketingdpNet,78,FALSE,0,MarketingdpNet,2020-04-30 18:03:32,TRUE,1255919902055170048,1255920737048813569,199546872,"<a href=""http://twitter.com/download/android"" rel=""nofollow"">Twitter for Android</a>",0,FALSE,FALSE,NA,NA,10106,363,256,711,https://t.co/5bvJoZyOJj,Marketing DP,2010-10-07 3:58:47,FALSE,FALSE,Barcelona,NA,199546872,33,FALSE,http://pbs.twimg.com/profile_images/1241307657421586433/nOKEQRLn_normal.jpg
f,0,que buena gente son mi novio y mi amiga... a las 8 se encierran en la habitaci√≥n y empiezan a aplaudir ü•∫,perry el ortito rico,martabastille,79,FALSE,1,NA,2020-04-30 18:03:37,FALSE,NA,1255920759517708289,NA,"<a href=""http://twitter.com/download/iphone"" rel=""nofollow"">Twitter for iPhone</a>",1,FALSE,FALSE,NA,NA,4986,1467,2305,252,NA,martita,2019-04-14 20:00:52,FALSE,FALSE,Barcelona,NA,1117518102701453315,4,FALSE,http://pbs.twimg.com/profile_images/1255135167691157507/TmDB74O__normal.jpg
f,1,Se han puesto a aplaudir a las 19:58 a ver si nos relajamos un poco,"17 | Solo quiero jugar al fortnite y ponerme fuerte | A veces dibujo otras no                                                   
üåå Candado: @Tontadeloscojon üåå",MenmaSaurio,80,FALSE,1,NA,2020-04-30 18:03:25,FALSE,NA,1255920708481318912,NA,"<a href=""http://twitter.com/download/android"" rel=""nofollow"">Twitter for Android</a>",0,FALSE,FALSE,NA,NA,14974,211,30749,176,https://t.co/XB0ghTxPum,ùê¥ùëôùëíùëóùëéùëõùëëùëüùëé,2018-08-22 21:34:55,FALSE,FALSE,"Barcelona, Espa√±a",NA,1032380621820252160,6,FALSE,http://pbs.twimg.com/profile_images/1240239457875435521/ImCKnngs_normal.jpg
f,0,Enserio pensaba que ya me hab√≠a visto todas las mejores series y hab√≠a perdido la ilusion como cuando conoces al am‚Ä¶ https://t.co/vbm5my3zmF,,mireia_mcasas,81,FALSE,0,NA,2020-04-30 18:01:23,TRUE,NA,1255920195224428545,NA,"<a href=""http://twitter.com/download/iphone"" rel=""nofollow"">Twitter for iPhone</a>",0,FALSE,FALSE,NA,NA,1426,38,2904,68,NA,Mireia M.Casas,2017-10-02 8:22:20,FALSE,FALSE,"Barcelona, Espa√±a",NA,914767494119862272,0,FALSE,http://pbs.twimg.com/profile_images/1250101259266404354/R_RfRBQn_normal.jpg
f,0,@ierrejon Lo peor es que no se habr√° dado cuenta ella porque es mala sin m√°s. Si rectifica ser√° porque le habr√°n di‚Ä¶ https://t.co/THDifSk6nA,,mjgc13,82,FALSE,0,ierrejon,2020-04-30 18:03:03,TRUE,1255918699309142016,1255920615804059649,482389606,"<a href=""http://twitter.com/download/iphone"" rel=""nofollow"">Twitter for iPhone</a>",0,FALSE,FALSE,NA,NA,1070,17,1919,76,NA,jos√©phine,2013-01-24 11:38:03,FALSE,FALSE,Barcelona,NA,1116575305,0,FALSE,http://pbs.twimg.com/profile_images/931931005228810240/TVmRuQ0H_normal.jpg
i,0,@mecagoentot1 Me sliding a les teves notificacions de insta quan me la faci https://t.co/mrtDyUnQ6J,"‚ùÑÔ∏è
Art: @Myxtic_art
‚≠ê-_-üíß",MyxticSami,83,FALSE,0,mecagoentot1,2020-04-30 18:00:08,FALSE,1255918488339841024,1255919883801571330,1221395686593323008,"<a href=""http://twitter.com/download/android"" rel=""nofollow"">Twitter for Android</a>",0,FALSE,FALSE,NA,NA,8221,64,36445,209,https://t.co/0C7UYPgqGj,‚ö°,2015-04-16 15:42:16,FALSE,FALSE,"Barcelona, Spain.",NA,3173094867,0,FALSE,http://pbs.twimg.com/profile_images/1245001836999987200/MOBtW_C8_normal.jpg
f,0,"@CyoSann Mmeo, a nosotros nos hicieron comprar un Acer si no ten√≠amos ordenador expl√≠cito para las clases y un ni√±o‚Ä¶ https://t.co/6yAgP98gw1",BGWüíô {07/10/17} #ImHomer  ~Candado:@lujaaaaaan~,naiara_lujan,84,FALSE,1,CyoSann,2020-04-30 18:01:29,TRUE,1255919212448698369,1255920223292661762,746645451089264640,"<a href=""http://twitter.com/download/android"" rel=""nofollow"">Twitter for Android</a>",0,FALSE,FALSE,NA,NA,20588,742,19296,2750,https://t.co/k5YgagaPqL,Naiara (Nai para algunos),2015-08-17 14:54:16,FALSE,FALSE,"Barcelona, Espa√±a",NA,3428301910,6,FALSE,http://pbs.twimg.com/profile_images/1196530618424872960/VLjgwQ70_normal.jpg
i,1,Recuerda que tienes herramientas que te pueden ayudar a ser mucho m√°s eficiente en todo el proceso editorial. As√≠ q‚Ä¶ https://t.co/Eff37wuJiR,Optimizaci√≥n de conversiones y marketing de contenidos. Hacemos plugins para #WordPress https://t.co/op2Sf3qqCV https://t.co/Gv9XeCxCGM,NelioSoft_ES,85,FALSE,0,NA,2020-04-30 18:00:58,TRUE,NA,1255920092120068098,NA,"<a href=""http://neliosoftware.com/content"" rel=""nofollow"">Nelio Content</a>",0,FALSE,FALSE,NA,NA,22007,968,166,330,https://t.co/MNgXb56rHg,Nelio Software,2013-12-27 12:35:19,FALSE,FALSE,Barcelona,NA,2264285552,171,FALSE,http://pbs.twimg.com/profile_images/743437220950925318/sn4fHhoM_normal.jpg
m,0,Uo! No tenga ni a este ni al chiquit√≠n (Meltan)!  A ver si tengo suerte üçÄ https://t.co/NBjCZToEgu,"Me gusta pensar que escribo y, a veces, ¬°incluso lo hago!

üìï In love with stories üì∫üé¨üéÆ",Nenec9,86,FALSE,0,NA,2020-04-30 18:04:15,FALSE,NA,1255920916502110209,NA,"<a href=""https://mobile.twitter.com"" rel=""nofollow"">Twitter Web App</a>",0,FALSE,FALSE,NA,NA,6360,392,8705,987,https://t.co/Bx0plupaMw,Rub√©n Carrasco üè≥Ô∏è‚Äçüåà,2011-05-05 16:25:58,FALSE,FALSE,"Barcelona, Espa√±a",NA,293589968,17,FALSE,http://pbs.twimg.com/profile_images/1077660670022377472/56CIPREu_normal.jpg
f,1,@mia_mallenn Es que es un PLACER poder mantener un ritmo con la escritura porque la vida te lo permite. Me hace muy‚Ä¶ https://t.co/gHsfgqcy6b,Artista de manos peque√±as. Escritora fantasiosa. Madre de plantas y de un perro llamado Ficus üå±,noleesheep,87,FALSE,0,mia_mallenn,2020-04-30 18:03:48,TRUE,1255920072310300673,1255920803457236992,2749328408,"<a href=""https://mobile.twitter.com"" rel=""nofollow"">Twitter Web App</a>",0,FALSE,FALSE,NA,NA,36266,1249,56638,201,https://t.co/zsTK9wuSsj,No√´lle S. üöÄ,2011-08-16 14:55:13,FALSE,FALSE,Barcelona,NA,356230113,22,FALSE,http://pbs.twimg.com/profile_images/1237061769606180866/_ncmI9rF_normal.jpg
f,0,@Agualandiaa Yo a los 19 bien cumplidos. Y eso ya en mi √©poca era muy raro (la mayor√≠a de chicas la perfilan a los‚Ä¶ https://t.co/hSjohqdifm,"üéó
‚ôÄÔ∏è AntiTERF, Veget animalista. Antifascista
Sobreviviente de bullying, conviviendo con sus secuelas
#TANV #NVLD #TDA #ADD #Neurodivergente
Estudio psicolog√≠a",novullpensarmes,88,FALSE,0,Agualandiaa,2020-04-30 18:02:52,TRUE,1255569127651057664,1255920568727154688,1216440713254141952,"<a href=""http://twitter.com/download/android"" rel=""nofollow"">Twitter for Android</a>",0,FALSE,FALSE,NA,NA,18160,355,40373,336,NA,Alba.Escribo mal en ‚å® t√°ctiles x el TANV,2011-02-25 19:08:14,FALSE,FALSE,"Barcelona, Catalunya.",NA,257587967,1,FALSE,http://pbs.twimg.com/profile_images/1243625435327614981/a_VepWb1_normal.jpg
f,-1,@sanidadgob Vamos a ver. Puedo o no puedo salir con mi marido y mi beb√© de 2 a√±os? Es incre√≠ble. Por favor. Rectificar. Quiero mi familia,"luchadora, constante y serena",nury26bcn,89,FALSE,0,sanidadgob,2020-04-30 18:01:39,FALSE,1255915266229309440,1255920263444692994,232124120,"<a href=""http://twitter.com/download/android"" rel=""nofollow"">Twitter for Android</a>",0,FALSE,FALSE,NA,NA,282,13,15,63,NA,Nuria Ceballos,2011-01-04 13:20:22,FALSE,FALSE,barcelona,NA,233935964,0,FALSE,http://pbs.twimg.com/profile_images/1225421065821790208/WRX9sLzN_normal.jpg
i,1,"Ya ten√©is disponible el podcast del programa de hoy, Mitos Musicales con @KupingaMeya ¬°Esc√∫chanos ya en‚Ä¶ https://t.co/id2pDtbTed","Cada jueves a las 19hüïñ hablamos de m√∫sica y nos echamos unas risas en @UABradio 
100.3 FMüìª",obstinatos,90,FALSE,0,NA,2020-04-30 18:00:38,TRUE,NA,1255920008712110080,NA,"<a href=""https://www.hootsuite.com"" rel=""nofollow"">Hootsuite Inc.</a>",0,FALSE,FALSE,NA,NA,103,25,10,38,https://t.co/RaTWE6MYgU,Obstinatos,2019-04-15 11:57:55,FALSE,FALSE,Barcelona,NA,1117758950592720896,0,FALSE,http://pbs.twimg.com/profile_images/1121870571397177344/E71U3k7t_normal.png
i,-1,@samusolosamu @josemgg78 @AndreSiso11 @WillyTolerdoo @LluisOrriols El punto de la discusi√≥n es si VOX tiene derecho‚Ä¶ https://t.co/nV9fU6CIn7,"Those who do not change, are doomed to be forgotten",Omgosh8,91,FALSE,0,samusolosamu,2020-04-30 18:00:19,TRUE,1255908046808776704,1255919929070702593,53429932,"<a href=""https://mobile.twitter.com"" rel=""nofollow"">Twitter Web App</a>",0,FALSE,FALSE,NA,NA,5626,43,3159,121,NA,Tarta de Chocolate,2018-02-15 16:30:49,FALSE,FALSE,"Barcelona, Espa√±a",NA,964175172357054464,1,FALSE,http://pbs.twimg.com/profile_images/1081685678637891585/t-whcbOI_normal.jpg
m,-1,"Me acerco a abrazar a mi sobrina y me dice ‚Äúhueles mal‚Äù y se va...
Odio mi vida",No hablo en serio creo.,orunaic,92,FALSE,0,NA,2020-04-30 18:03:35,FALSE,NA,1255920749975613446,NA,"<a href=""http://twitter.com/download/iphone"" rel=""nofollow"">Twitter for iPhone</a>",0,FALSE,FALSE,NA,NA,38987,229,33512,323,NA,?,2014-02-23 20:44:34,FALSE,FALSE,"Barcelona, Catalunya",NA,2358486938,4,FALSE,http://pbs.twimg.com/profile_images/1244229182973972481/6E4L5Y0-_normal.jpg
f,-1,"Un fat√≠dico ‚Äúno te amo‚Äù y suspiro. Desde entonces, no volv√≠ a ser yo.","üí°‚ú®26‚ú®üíö üé©Nunca esperes nada de nadie, es mejor estar sorprendido que decepcionado üëΩüçÇü™ê",p_6gueyby,93,FALSE,0,NA,2020-04-30 18:00:54,FALSE,NA,1255920073870630913,NA,"<a href=""http://twitter.com/download/iphone"" rel=""nofollow"">Twitter for iPhone</a>",0,FALSE,FALSE,NA,NA,9,1,9,30,NA,Gueyby Paz,2020-04-28 14:50:12,FALSE,FALSE,"Barcelona, Espa√±a",NA,1255147261962514436,0,FALSE,http://pbs.twimg.com/profile_images/1255151002174386176/SBptEVgA_normal.jpg
m,0,¬øY qu√© pasa con los que trabajamos de 17.00 a 00.00 y no amanecemos hasta pasadas las 11.00 de la madrugada? ¬øEs qu‚Ä¶ https://t.co/go9MNUvz7A,Periodista a destiempo. Ahora en Mundo Deportivo y antes en El Peri√≥dico de Catalunya. Series muy de vez en cuando en https://t.co/0kdtifF9xe,pepegilvernet,94,FALSE,0,NA,2020-04-30 18:04:22,TRUE,NA,1255920949704232962,NA,"<a href=""https://mobile.twitter.com"" rel=""nofollow"">Twitter Web App</a>",0,FALSE,FALSE,NA,NA,5819,746,6989,1283,https://t.co/94os7vyc7k,Pepe Gil-Vernet,2011-01-20 18:31:37,FALSE,FALSE,Barcelona,NA,240777152,19,FALSE,http://pbs.twimg.com/profile_images/378800000562578901/1f33d9547f305dfb8830369087087402_normal.jpeg
m,-1,"@jguaido @ibepacheco Esa FF.AA son parte del problema, esas FF.AA le combran a mi familia $3.5 X 1Lt de Gasolina, e‚Ä¶ https://t.co/N4q8qwpG2E",,pepesanchez94,95,FALSE,0,jguaido,2020-04-30 18:01:26,TRUE,1255859740363587591,1255920207740186626,39176902,"<a href=""http://twitter.com/download/android"" rel=""nofollow"">Twitter for Android</a>",0,FALSE,FALSE,NA,NA,15250,710,7857,3233,NA,Jose G. Sanchez,2010-02-02 21:21:21,FALSE,FALSE,"Barcelona, Espa√±a",NA,110811548,4,FALSE,http://pbs.twimg.com/profile_images/654831530808881152/fa29ZKW6_normal.jpg
f,-1,"HIJOS DE FRUTA. AHORA SE PONE A LLOVER.

Podr√≠a haber aprovechado para intentar sacar un Celacanto! ;______________‚Ä¶ https://t.co/PYTKJ6EwL4","Lv28 CAT/ES Nintendo üéÆ. Llevo los trenes en el coraz√≥n, aunque me dedico a la programaci√≥n. Loveliver üíö , Otaku, frikadas, etc üóæ Mi vida en @LalyGebe",PLATA_Quel,96,FALSE,0,NA,2020-04-30 18:00:47,TRUE,NA,1255920047748456449,NA,"<a href=""https://mobile.twitter.com"" rel=""nofollow"">Twitter Web App</a>",0,FALSE,FALSE,NA,NA,33413,501,51934,525,https://t.co/FXoTh7123d,PLATAQuelüöûüöáüóæüéå (Laly),2015-10-28 19:38:21,FALSE,FALSE,"Barcelona, Espa√±a",NA,4062754517,9,FALSE,http://pbs.twimg.com/profile_images/912775626590969856/jxVCQ39d_normal.jpg
m,-1,Me pone de los putos nervios los atl√©ticos que dicen que oblak es mejor que ter Stegen por tener m√°s porter√≠as a 0.‚Ä¶ https://t.co/kN4umStyBT,Econazi | FCB üá≤üáΩ,putotuiter8,97,FALSE,0,NA,2020-04-30 18:00:25,TRUE,NA,1255919955142496256,NA,"<a href=""http://twitter.com/download/android"" rel=""nofollow"">Twitter for Android</a>",0,FALSE,FALSE,NA,NA,3762,185,6844,288,NA,Don Erik ten Hag,2020-03-11 23:53:40,FALSE,FALSE,"Barcelona, Espa√±a",NA,1237889414560391168,1,FALSE,http://pbs.twimg.com/profile_images/1255524107048845314/aWmfODyH_normal.jpg
m,1,Acabo de recuperar un antiguo post (De consumos y libertades) de mi blog Meditaciones del d√≠a Quim Mu√±oz -‚Ä¶ https://t.co/mrgKSRxppt,"41 a√±os, casado, 5 hijos. Lic. Derecho. Doctor en Ciencias Sociales, Humanas y Jur√≠dicas. Tesis sobre la Metaeconom√≠a de Schumacher. Trabajo en √ìptica Andorrana",quimmunoztraver,98,FALSE,0,NA,2020-04-30 18:03:10,TRUE,NA,1255920647777267712,NA,"<a href=""https://www.quimmunoz.com"" rel=""nofollow"">QuimMunozWP</a>",0,FALSE,FALSE,NA,NA,19288,770,150,1756,https://t.co/ib5vGY0Hg8,Quim Mu√±oz Traver,2011-12-21 4:21:19,FALSE,FALSE,Barcelona,NA,442459292,24,FALSE,http://pbs.twimg.com/profile_images/1033729341048479751/UAg1WtI4_normal.jpg
m,-1,"@lm_negrete @sacedator El ej√©rcito rojo avanz√≥ como un martillo hasta Berl√≠n frente a 674 divisiones, por el amor de dios.",Clase trabajadora. La que mueve y transforma el mundo,rabasandratana,99,FALSE,0,rabasandratana,2020-04-30 18:03:24,FALSE,1255917185165332481,1255920702923968512,476628696,"<a href=""http://twitter.com/download/android"" rel=""nofollow"">Twitter for Android</a>",0,FALSE,FALSE,NA,NA,16583,225,16732,619,https://t.co/USzXIFgSlC,David,2012-01-28 10:01:28,FALSE,FALSE,"Barcelona, Espa√±a",NA,476628696,1,FALSE,http://pbs.twimg.com/profile_images/1245003453455269890/4VBraSB0_normal.jpg
m,-1,"@lm_negrete @sacedator Puedes ser anticomunista, pero evidenciar los datos y n√∫meros. Es m√°s, la ayuda tard√≠a y, a‚Ä¶ https://t.co/Q4JU4QOIYv",Clase trabajadora. La que mueve y transforma el mundo,rabasandratana,100,FALSE,0,rabasandratana,2020-04-30 18:00:41,TRUE,1255917610157424640,1255920020883898368,476628696,"<a href=""http://twitter.com/download/android"" rel=""nofollow"">Twitter for Android</a>",0,FALSE,FALSE,NA,NA,16583,225,16732,619,https://t.co/USzXIFgSlC,David,2012-01-28 10:01:28,FALSE,FALSE,"Barcelona, Espa√±a",NA,476628696,1,FALSE,http://pbs.twimg.com/profile_images/1245003453455269890/4VBraSB0_normal.jpg
f,-1,voy a dejar de sentirme una payasa por su culpa??? yo digo no,perdona x no cumplir tus expectativas de mierda :(,radikalba,101,FALSE,0,NA,2020-04-30 18:04:17,FALSE,NA,1255920928724258822,NA,"<a href=""http://twitter.com/download/iphone"" rel=""nofollow"">Twitter for iPhone</a>",0,FALSE,FALSE,NA,NA,41103,3219,13666,181,https://t.co/pBnbXGDh37,alba,2016-07-30 10:38:25,FALSE,FALSE,bcn,NA,759337343035797504,10,FALSE,http://pbs.twimg.com/profile_images/1255516740236316675/rYWRILVE_normal.jpg
f,-1,"antes si, ahora paso de la gente a no ser que sea muy importante para mi o sea una cr√≠tica constructiva y hecha des‚Ä¶ https://t.co/jHR3g1Ieq1",perdona x no cumplir tus expectativas de mierda :(,radikalba,102,FALSE,0,NA,2020-04-30 18:02:12,TRUE,NA,1255920401630351363,NA,"<a href=""http://twitter.com/download/iphone"" rel=""nofollow"">Twitter for iPhone</a>",0,FALSE,FALSE,NA,NA,41103,3219,13666,181,https://t.co/pBnbXGDh37,alba,2016-07-30 10:38:25,FALSE,FALSE,bcn,NA,759337343035797504,10,FALSE,http://pbs.twimg.com/profile_images/1255516740236316675/rYWRILVE_normal.jpg
m,0,PERO BUENO A QUI√âN ME ACABO DE ENCONTRAR,"@Sararp16 üíç. 
Leo cosas, juego a cosas y hago cosas. As√≠ en general.
Intento de fot√≥grafo. 
Aupa Athletic. 
Who? 
Miembro de la #PatrullaFriki",RamonHernande99,103,FALSE,0,RamonHernande99,2020-04-30 18:02:50,FALSE,1255920219022929923,1255920562133782530,334130557,"<a href=""http://twitter.com/download/android"" rel=""nofollow"">Twitter for Android</a>",0,FALSE,FALSE,NA,NA,40068,1164,17761,2741,NA,Ramon Bishop Foster Kinney,2011-07-12 16:36:08,FALSE,FALSE,"Esplugues de Llobregat, Espa√±a",NA,334130557,22,FALSE,http://pbs.twimg.com/profile_images/1162327373691441152/SiduZAaU_normal.jpg
m,0,@AVegaAmaya @JelenGP Me voy a tu casa üòúü§óüòªüòªüòª,"Intentando ser un poco mejor cada d√≠a. S√≥lo tenemos una vida. Ciclismo, baloncesto, balonmano, f√∫tbol...Inquilino habitual del Palau Blaugrana. G√©minis.",rtriky71,104,FALSE,1,AVegaAmaya,2020-04-30 18:01:44,FALSE,1255919934833639427,1255920283942137857,846052972098469888,"<a href=""http://twitter.com/download/iphone"" rel=""nofollow"">Twitter for iPhone</a>",0,FALSE,FALSE,NA,NA,21322,295,60977,750,NA,üñ§Ram√≥n Alarc√≥n(üè†)üñ§,2013-05-10 15:38:40,FALSE,FALSE,Barcelona,NA,1418414371,4,FALSE,http://pbs.twimg.com/profile_images/1213117692430999554/s0khroIh_normal.jpg
m,0,"@Desvelandorient Me encontr√© que uno de los autores de ""referencia"" para lo que estudio, cita trabajos inexistentes‚Ä¶ https://t.co/yehrtBVANq","Historiador, actualmente doctorando. Investigo la guerra ruso-japonesa de 1904-05. Tambi√©n estudio las relaciones entre Jap√≥n y Espa√±a.",rubenbartolome6,105,FALSE,0,Desvelandorient,2020-04-30 18:02:16,TRUE,1225142498462437378,1255920417518297091,727810394966888448,"<a href=""https://mobile.twitter.com"" rel=""nofollow"">Twitter Web App</a>",0,FALSE,FALSE,NA,NA,5180,432,14100,298,https://t.co/j0QxZ7AlOj,Rub√©n Bartolom√©,2015-12-30 11:09:18,FALSE,FALSE,Barcelona,NA,4653093387,5,FALSE,http://pbs.twimg.com/profile_images/1188507049744883712/Qi87lJxQ_normal.jpg
m,1,"Continuamos con las medidas de alivio al confinamiento. 
A partir del s√°bado se podr√° salir a hacer deporte y pasea‚Ä¶ https://t.co/Aa8fKvVAN9",Ministro de @sanidadgob Secretari d'Organitzaci√≥ i Acci√≥ electoral del @socialistes_cat,salvadorilla,106,FALSE,38,NA,2020-04-30 18:00:32,TRUE,NA,1255919982288003073,NA,"<a href=""https://mobile.twitter.com"" rel=""nofollow"">Twitter Web App</a>",26,FALSE,FALSE,NA,NA,2620,39625,946,379,https://t.co/y8ObSd8fse,Salvador Illa Roca/‚ù§Ô∏è,2011-01-02 18:17:18,FALSE,TRUE,Barcelona,NA,233240412,324,FALSE,http://pbs.twimg.com/profile_images/1236770749186297863/bm2LODnS_normal.jpg
i,0,El equipo de gobierno del ayuntamiento de Santa coloma sale en bloque a desmentir una¬†FakeNews‚Ä¶ https://t.co/EgEjtF0CVt,Medio de Comunicaci√≥n de Santa Coloma,santakoteve,107,FALSE,0,NA,2020-04-30 18:02:34,TRUE,NA,1255920495804940288,NA,"<a href=""http://publicize.wp.com/"" rel=""nofollow"">WordPress.com</a>",0,FALSE,FALSE,NA,NA,180,132,36,314,NA,Santakoteve,2020-03-03 17:30:10,FALSE,FALSE,Santa Coloma de Gramenet,NA,1234893787396222983,1,FALSE,http://pbs.twimg.com/profile_images/1234893986151661568/2_H36Uhy_normal.jpg
f,0,"@sekairetro @JuankyGonza @assassinsspain El comentario de arriba hace referencia a lo de no tener un solo personaje, de ah√≠ mi comentario.",Estudiante de enfermer√≠a üë©üèº‚Äç‚öïÔ∏è,SaraCH2000s,108,FALSE,0,sekairetro,2020-04-30 18:00:28,FALSE,1255906749170823168,1255919968018972681,4092767061,"<a href=""http://twitter.com/download/iphone"" rel=""nofollow"">Twitter for iPhone</a>",0,FALSE,FALSE,NA,NA,122,10,22,111,NA,Sara,2020-01-16 6:47:13,FALSE,FALSE,"Barcelona, Espa√±a",NA,1217699759294754816,0,FALSE,http://abs.twimg.com/sticky/default_profile_images/default_profile_normal.png
m,0,Estoy re feliz porque han traspasado el concierto de Bangtan y a lo mejor voy a VIP con mis amigas ya que seguramen‚Ä¶ https://t.co/CwwCwcGvXC,"Â®ÅÁ•ûV ‚ô° NCT¬π¬≤‚Å∑ ‚ô° NCT DREAM
                                  üå± WayZenNi | NCTzen",sichengdd,109,FALSE,0,NA,2020-04-30 18:04:24,TRUE,NA,1255920954573799430,NA,"<a href=""http://twitter.com/download/android"" rel=""nofollow"">Twitter for Android</a>",0,FALSE,FALSE,NA,NA,144,92,761,130,NA,a’ºa,2020-02-10 16:15:15,FALSE,FALSE,Barcelona,NA,1226902403619966979,0,FALSE,http://pbs.twimg.com/profile_images/1251659528510279684/DaDXHmCY_normal.jpg
m,0,‚≠êÔ∏è Verdadero o Falso‚ùì ‚ûΩ Las manzanas son mas eficientes que la cafeina para mantener a la gente despierta por la ma√±ana. üçè‚òïÔ∏èüò≥,"Miller/Millar's groupie üí• Me gasto el sueldo en comics, manga, fantas√≠a, ciencia ficci√≥n, gatetes, chocolate y en todo lo que me d√© un respiro ü•§",SindicatoJoe,110,FALSE,0,NA,2020-04-30 18:01:15,FALSE,NA,1255920164912144384,NA,"<a href=""https://mobile.twitter.com"" rel=""nofollow"">Twitter Web App</a>",0,FALSE,FALSE,NA,NA,226219,2170,6,2890,https://t.co/N5oiBCJkUP,Sindicato del Bien,2014-12-05 12:54:48,FALSE,FALSE,Barcelona,NA,2906291415,5,FALSE,http://pbs.twimg.com/profile_images/1012014810077286400/uW1YJ407_normal.jpg
f,-1,Rajoy aprob√≥ las bases de un plan ante pandemias seis meses antes de su salida pese a que el ministro Duque dice qu‚Ä¶ https://t.co/RDU4lIKdkG,FARMACEUTICA,sjcjsxpsj,111,FALSE,0,NA,2020-04-30 18:01:58,TRUE,NA,1255920344646508544,NA,"<a href=""http://twitter.com/download/iphone"" rel=""nofollow"">Twitter for iPhone</a>",0,FALSE,FALSE,NA,NA,19704,1425,11302,1220,NA,Sonia Jim√©nez,2011-12-15 20:25:09,FALSE,FALSE,BARCELONA,NA,437769986,14,FALSE,http://pbs.twimg.com/profile_images/1019699156540182528/5nFvKHv7_normal.jpg
i,-1,"@J_Zaragoza_ Para ti el virus es VOX.  Ves, no eres muy diferente a ellos.",Los separatistas NO son toda Catalu√±a. Orgulloso Catal√°n y Espa√±ol. Un pa√≠s moderno y plural se consigue trabajando juntos y sin complejos en una Espa√±a unida.,SomosCatalane,112,FALSE,0,J_Zaragoza_,2020-04-30 18:01:38,FALSE,1255828773032919040,1255920259548282880,715890348569010176,"<a href=""http://twitter.com/#!/download/ipad"" rel=""nofollow"">Twitter for iPad</a>",0,FALSE,FALSE,NA,NA,51168,1288,62769,1076,NA,Catal√°nEspa√±ol üá™üá∏üá¨üá¨,2017-09-16 19:07:30,FALSE,FALSE,"Barcelona, Espa√±a",NA,909131649396482048,15,FALSE,http://pbs.twimg.com/profile_images/1043817375563485184/3N8JEE5T_normal.jpg
f,0,"@arnauew Arnau, jo soc al contrari i estic bastant b√© ara tamb√© a casa jajajaaj",she/her | 3racha enthusiast ‚Ä¢ skz ‚†Ä ‚†Ä‚†Ä ‚†Ä‚†Ä ‚†Ä ‚†Ä‚†Ä ‚†Ä‚†Ä ‚†Ä‚†Ä‚†Ä ‚Äî #Î∞©Ï∞¨ #ÏµúÌòÑÏÑù ‚Äî‚†Ä‚†Ä‚†Ä,strayknkids,113,FALSE,0,arnauew,2020-04-30 18:03:37,FALSE,1255750937945276419,1255920759282769920,1582894291,"<a href=""http://twitter.com/download/android"" rel=""nofollow"">Twitter for Android</a>",0,FALSE,FALSE,NA,NA,80279,2487,23457,2019,https://t.co/W2PGpJSQxu,n√∫ria ‚ô° bang chan,2012-08-22 16:17:23,FALSE,FALSE,"Barcelona, Espa√±a",NA,773997324,32,FALSE,http://pbs.twimg.com/profile_images/1234589519363629057/6HJsT3XC_normal.jpg
f,1,"M√∫sica, fitness, cocina... todos los planes m√°s entretenidos para pasar las horas reunidos en una √∫nica cuenta de I‚Ä¶ https://t.co/422hwpUsYM",Building the future of gender one Idea Worth Spreading at a time!,TEDxBcnWomen,114,FALSE,0,NA,2020-04-30 18:01:58,TRUE,NA,1255920342893240320,NA,"<a href=""https://www.hootsuite.com"" rel=""nofollow"">Hootsuite Inc.</a>",0,FALSE,FALSE,NA,NA,3514,4016,3276,2230,https://t.co/0jbTa13Dr6,TEDxBarcelonaWomen,2012-09-17 14:29:03,FALSE,FALSE,Barcelona,NA,829165452,152,FALSE,http://pbs.twimg.com/profile_images/1161012518602661888/90RombIa_normal.png
i,0,"En casa del jugador de hockey hierba Roc Oliva (@RocOliva1)
‚è≥Cuando esto acabe: ‚ÄúIr√© a pasear por la monta√±a‚Äù
üëéLo p‚Ä¶ https://t.co/SxX0GAbNwP",El canal tem√°tico de Deportes de RTVE,teledeporte,115,FALSE,1,NA,2020-04-30 18:00:00,TRUE,NA,1255919848997216260,NA,"<a href=""https://studio.twitter.com"" rel=""nofollow"">Twitter Media Studio</a>",0,FALSE,FALSE,NA,NA,39902,210843,1290,256,https://t.co/FoiZWA2wub,Teledeporte,2009-04-09 16:15:57,FALSE,TRUE,Barcelona,NA,30012883,2426,FALSE,http://pbs.twimg.com/profile_images/1241856868210880512/wRKClBQN_normal.jpg
f,-1,Madre m√≠a que tont√≠sima soy a veces de verdad,"No eres t√∫, soy yo.",TheCrazyHare,116,FALSE,1,NA,2020-04-30 18:00:45,FALSE,NA,1255920038105792512,NA,"<a href=""http://twitter.com/download/iphone"" rel=""nofollow"">Twitter for iPhone</a>",0,FALSE,FALSE,NA,NA,15939,1156,45400,997,https://t.co/LwIoaE5itO,SüëΩ,2013-09-02 11:26:09,FALSE,FALSE,"Barcelona, Catalonia",NA,1722058964,17,FALSE,http://pbs.twimg.com/profile_images/1251957475542269954/wQ61M_0a_normal.jpg
m,-1,"Profe: Adam sabes que lo que pones en el chat yo lo veo?
Ni√±o: en arriba a la derecha no habla
Profe: y la puta gor‚Ä¶ https://t.co/RcliGPCndZ",Husband & Human Cali & Momo üêà |Peace to the world| üåé #bekind #bekindtooneanother,ToniArjona,117,FALSE,0,NA,2020-04-30 18:01:26,TRUE,NA,1255920209749258240,NA,"<a href=""http://twitter.com/download/iphone"" rel=""nofollow"">Twitter for iPhone</a>",0,FALSE,FALSE,NA,NA,18017,741,677,754,https://t.co/ytuoB81Niu,to…¥…™ …ë Äjo…¥…ë·±º·¥ò√©r·¥áz,2009-11-18 17:32:08,FALSE,FALSE,"Barcelona, Spain",NA,90916523,6,FALSE,http://pbs.twimg.com/profile_images/1237814714232647686/hkTkqZuC_normal.jpg
m,-1,@NOROBESPIERRE @cuerdodeatar A m√≠ me las hicieron gastar todas para despu√©s despedirme.,"No s√© si presentarme a unas elecciones o presentarme a Gran Hermano, haga lo que haga lo gano.",TPVenlaNUB3D,118,FALSE,0,NOROBESPIERRE,2020-04-30 18:00:23,FALSE,1255901090492661761,1255919943436193793,729715486418735104,"<a href=""http://twitter.com/download/android"" rel=""nofollow"">Twitter for Android</a>",0,FALSE,FALSE,NA,NA,15054,528,28657,32,NA,Sergi Garcia Puentes,2014-10-09 20:12:34,FALSE,FALSE,"Barcelona, Espa√±a",NA,2820414591,24,FALSE,http://pbs.twimg.com/profile_images/1254838745137897477/_s4T9dM8_normal.jpg
f,-1,@chiliflu @govern Tu conoces a alguien al q le hayan concedido la de La Generalitat y NO la del Estado? Porq hasta‚Ä¶ https://t.co/yU7BGz2SR8,hija de la incertidumbre,veritz77,119,FALSE,0,chiliflu,2020-04-30 18:02:35,TRUE,1255918611211968517,1255920497751138305,134276549,"<a href=""http://twitter.com/download/android"" rel=""nofollow"">Twitter for Android</a>",0,FALSE,FALSE,NA,NA,621,16,158,72,http://t.co/4pDGqhQeuu,Pi√±ata,2012-02-22 20:49:44,FALSE,FALSE,Barcelona,NA,500132850,0,FALSE,http://pbs.twimg.com/profile_images/1846473328/abril_83_normal.jpg
f,0,Que le he visto la carita a @carlos_palomo4!!!!!!!!!!!!!! https://t.co/hpLnQKPHt1,!!!!! @jajadrama,volscanti,120,FALSE,0,NA,2020-04-30 18:00:51,FALSE,NA,1255920062336323585,NA,"<a href=""http://twitter.com/download/iphone"" rel=""nofollow"">Twitter for iPhone</a>",0,FALSE,FALSE,NA,NA,12993,79,18103,69,https://t.co/E5bVdGyYJk,Desir√©e,2019-01-12 13:50:07,FALSE,FALSE,"Barcelona, Catalu√±a",NA,1084085116459196416,1,FALSE,http://pbs.twimg.com/profile_images/1245803053271470081/GwAIwxJW_normal.jpg
f,-1,"el tweet del d√≠a es ‚Äúmaduras por experiencia, no por edad.‚Äù
Ya se lo he visto como a 10 personas...",sc:saymewill üëª stay rad. | Angeloüíô,Wilmarymatos_,121,FALSE,0,NA,2020-04-30 18:01:37,FALSE,NA,1255920253923725317,NA,"<a href=""http://twitter.com/download/iphone"" rel=""nofollow"">Twitter for iPhone</a>",0,FALSE,FALSE,NA,NA,18809,439,1084,208,NA,Wilmaryüá©üá¥,2014-09-01 13:13:11,FALSE,FALSE,"Barcelona, Espa√±a",NA,2784128209,0,FALSE,http://pbs.twimg.com/profile_images/1255806218863607808/bi6fUV8L_normal.jpg
m,-1,"@Aerolineas_AR Es VERGONZOSO ! la falta de Solidaridad y Reciprocidad de AEROLINEAS , Sus vuelos suben a Espa√±a VAC‚Ä¶ https://t.co/dzN7Wi1PHf",,YETIGUZ,122,FALSE,0,Aerolineas_AR,2020-04-30 18:01:44,TRUE,1254776123419852801,1255920284328235011,153900887,"<a href=""https://mobile.twitter.com"" rel=""nofollow"">Twitter Web App</a>",0,FALSE,FALSE,NA,NA,1527,50,155,51,NA,Gustavo NOUSSAN,2010-02-24 17:36:06,FALSE,FALSE,Barcelona,NA,117143765,1,FALSE,http://pbs.twimg.com/profile_images/741260750/GUZ_AVATAR_NI_O_normal.JPG
f,-1,Le env√≠as nudes a tu ex? Xddd kheeeeee ‚Äî Le enviaba cuando √©ramos pareja  https://t.co/tn3FsoKV2R,,zodicharlotte,123,FALSE,0,NA,2020-04-30 18:04:19,FALSE,NA,1255920934999011328,NA,"<a href=""http://twitter.com/download/iphone"" rel=""nofollow"">Twitter for iPhone</a>",0,FALSE,FALSE,NA,NA,46144,7761,30382,208,https://t.co/5RjjEJgRXd,‚Ñ≠ùî•ùîûùîØ,2011-09-19 19:52:53,FALSE,FALSE,Barcelona ,NA,376382071,14,FALSE,http://pbs.twimg.com/profile_images/1255914919628808194/Am7h0CPq_normal.jpg